date,distance,beta_angle_sun
2025-07-01 00:00:00+00:00,0.0,45.877609282755024
2025-07-02 00:00:00+00:00,1.1578687421030907,45.86994017099323
2025-07-03 00:00:00+00:00,4.615118779843232,45.867200064224846
2025-07-04 00:00:00+00:00,10.331342622394468,45.86939878119556
2025-07-05 00:00:00+00:00,18.261621752781522,45.8765416472337
2025-07-06 00:00:00+00:00,28.427585711384292,45.8886297392601
2025-07-07 00:00:00+00:00,40.83665177696964,45.90565995298881
2025-07-08 00:00:00+00:00,55.46600061393207,45.92762499219425
2025-07-09 00:00:00+00:00,72.31976203092484,45.954513446582695
2025-07-10 00:00:00+00:00,91.39244433994872,45.986309851779524
2025-07-11 00:00:00+00:00,112.65658487283541,46.02299483502806
2025-07-12 00:00:00+00:00,136.0856115790225,46.06454540253202
2025-07-13 00:00:00+00:00,161.6176159124439,46.110935315009534
2025-07-14 00:00:00+00:00,189.25297650904443,46.16213561250597
2025-07-15 00:00:00+00:00,218.97190005152615,46.21811518595678
2025-07-16 00:00:00+00:00,250.7930157858478,46.27884135742661
2025-07-17 00:00:00+00:00,284.8100903669851,46.344280416079194
2025-07-18 00:00:00+00:00,321.09658358854284,46.41439806220177
2025-07-19 00:00:00+00:00,359.65102676014436,46.489159718665725
2025-07-20 00:00:00+00:00,400.3685205083742,46.56853067093737
2025-07-21 00:00:00+00:00,443.1133217787158,46.65247601079959
2025-07-22 00:00:00+00:00,487.7258236110835,46.74096030698101
2025-07-23 00:00:00+00:00,534.092774946288,46.83394703444423
2025-07-24 00:00:00+00:00,582.3308329453172,46.93139776719451
2025-07-25 00:00:00+00:00,632.7320813604193,47.03327123636658
2025-07-26 00:00:00+00:00,685.6398353439671,47.139522452334035
2025-07-27 00:00:00+00:00,741.2309400244967,47.250102007063674
2025-07-28 00:00:00+00:00,799.3897360795278,47.3649555773186
2025-07-29 00:00:00+00:00,859.7213809300855,47.484023819759514
2025-07-30 00:00:00+00:00,921.6766651756186,47.60724238812175
2025-07-31 00:00:00+00:00,984.8655501508867,47.734542119873446
2025-08-01 00:00:00+00:00,1049.407585167112,47.86584926238104
2025-08-02 00:00:00+00:00,1115.972706217611,48.00108568388851
2025-08-03 00:00:00+00:00,1185.4598573623814,48.140168960448456
2025-08-04 00:00:00+00:00,1258.508379517979,48.28301247110335
2025-08-05 00:00:00+00:00,1335.1282253795305,48.42952533743681
2025-08-06 00:00:00+00:00,1414.59681710208,48.57961239639213
2025-08-07 00:00:00+00:00,1495.778106161007,48.73317407615773
2025-08-08 00:00:00+00:00,1577.7583543660821,48.89010637250966
2025-08-09 00:00:00+00:00,1660.4084478132172,49.05030090036891
2025-08-10 00:00:00+00:00,1744.6101817125802,49.213645103041856
2025-08-11 00:00:00+00:00,1831.8406295009881,49.38002266604628
2025-08-12 00:00:00+00:00,1923.4058499129903,49.549314160941655
2025-08-13 00:00:00+00:00,2019.699342377855,49.72139773235801
2025-08-14 00:00:00+00:00,2119.8196690386767,49.8961498626459
2025-08-15 00:00:00+00:00,2221.926643382967,50.073446015099044
2025-08-16 00:00:00+00:00,2324.2554657671953,50.25316109149972
2025-08-17 00:00:00+00:00,2426.103192419461,50.43516967331295
2025-08-18 00:00:00+00:00,2528.40313581125,50.61934606805465
2025-08-19 00:00:00+00:00,2633.2917034485245,50.805564151989955
2025-08-20 00:00:00+00:00,2743.0221674160675,50.993697074599076
2025-08-21 00:00:00+00:00,2858.7189521353193,51.18361681632072
2025-08-22 00:00:00+00:00,2979.665440388936,51.3751936612593
2025-08-23 00:00:00+00:00,3103.4804493861006,51.5682956396668
2025-08-24 00:00:00+00:00,3227.390124772699,51.762787978848976
2025-08-25 00:00:00+00:00,3349.724359539597,51.95853265891536
2025-08-26 00:00:00+00:00,3470.9835557229712,52.15538808339733
2025-08-27 00:00:00+00:00,3593.7225745964893,52.353208931662444
2025-08-28 00:00:00+00:00,3721.200149464537,52.55184610384218
2025-08-29 00:00:00+00:00,3855.6090151921394,52.75114679912834
2025-08-30 00:00:00+00:00,3996.804094222296,52.95095462984649
2025-08-31 00:00:00+00:00,4142.284958715656,53.15110973190875
2025-09-01 00:00:00+00:00,4288.362265686763,53.35144881747295
2025-09-02 00:00:00+00:00,4432.1427621240155,53.55180519080873
2025-09-03 00:00:00+00:00,4573.206519964902,53.75200868375925
2025-09-04 00:00:00+00:00,4714.000078116875,53.951885467440434
2025-09-05 00:00:00+00:00,4858.46166308729,54.15125788357553
2025-09-06 00:00:00+00:00,5009.917487869695,54.34994424311118
2025-09-07 00:00:00+00:00,5169.284674236412,54.54775880295588
2025-09-08 00:00:00+00:00,5334.481438327831,54.744511994990745
2025-09-09 00:00:00+00:00,5501.440562747989,54.94001103154199
2025-09-10 00:00:00+00:00,5666.2074472803415,55.13406088792193
2025-09-11 00:00:00+00:00,5827.135413186494,55.32646559677742
2025-09-12 00:00:00+00:00,5985.810869691006,55.51702956674959
2025-09-13 00:00:00+00:00,6146.176180857622,55.705558755923555
2025-09-14 00:00:00+00:00,6312.3367162845425,55.89186149693715
2025-09-15 00:00:00+00:00,6486.362461157049,56.075749005170465
2025-09-16 00:00:00+00:00,6667.116811769952,56.25703556078311
2025-09-17 00:00:00+00:00,6850.882213145306,56.43553853215259
2025-09-18 00:00:00+00:00,7033.274079468461,56.61107827709151
2025-09-19 00:00:00+00:00,7211.549426166804,56.78347799705053
2025-09-20 00:00:00+00:00,7386.019474795099,56.95256359636262
2025-09-21 00:00:00+00:00,7559.812846583776,57.118163527039336
2025-09-22 00:00:00+00:00,7737.030213457152,57.28010863422802
2025-09-23 00:00:00+00:00,7920.457967793132,57.43823211422608
2025-09-24 00:00:00+00:00,8110.093467678032,57.59236945760158
2025-09-25 00:00:00+00:00,8303.211460227674,57.742358546214476
2025-09-26 00:00:00+00:00,8495.83893212352,57.88803982183414
2025-09-27 00:00:00+00:00,8684.833699218107,58.02925651441232
2025-09-28 00:00:00+00:00,8869.433505137311,58.165854964567785
2025-09-29 00:00:00+00:00,9051.442994998715,58.29768489512741
2025-09-30 00:00:00+00:00,9233.992278821115,58.424599709888604
2025-10-01 00:00:00+00:00,9419.65775376765,58.54645659633614
2025-10-02 00:00:00+00:00,9609.138600243628,58.6631166092014
2025-10-03 00:00:00+00:00,9800.95495365681,58.77444457101335
2025-10-04 00:00:00+00:00,9992.31131244585,58.880308810545515
2025-10-05 00:00:00+00:00,10180.635303899395,58.98058090909854
2025-10-06 00:00:00+00:00,10364.786996993358,59.07513566432618
2025-10-07 00:00:00+00:00,10545.399120403516,59.16385145020614
2025-10-08 00:00:00+00:00,10724.148988525478,59.24661123815071
2025-10-09 00:00:00+00:00,10902.547581540435,59.323304377538975
2025-10-10 00:00:00+00:00,11080.99696497501,59.39382878306426
2025-10-11 00:00:00+00:00,11258.646824340622,59.45809319143815
2025-10-12 00:00:00+00:00,11433.934049815081,59.51601893434355
2025-10-13 00:00:00+00:00,11605.483054182769,59.56754101443643
2025-10-14 00:00:00+00:00,11772.688142121384,59.61260845076809
2025-10-15 00:00:00+00:00,11935.750155366726,59.651184176809586
2025-10-16 00:00:00+00:00,12095.154364239344,59.68324469112307
2025-10-17 00:00:00+00:00,12251.04124887289,59.70877952307594
2025-10-18 00:00:00+00:00,12402.904233040228,59.727790783625125
2025-10-19 00:00:00+00:00,12549.782679149372,59.74029265044026
2025-10-20 00:00:00+00:00,12690.817400591055,59.74631092573157
2025-10-21 00:00:00+00:00,12825.703300086374,59.74588254770986
2025-10-22 00:00:00+00:00,12954.698596874943,59.739055092940774
2025-10-23 00:00:00+00:00,13078.21638967183,59.72588624580691
2025-10-24 00:00:00+00:00,13196.265476811961,59.70644331346825
2025-10-25 00:00:00+00:00,13308.131196658182,59.680802754989095
2025-10-26 00:00:00+00:00,13412.532831039935,59.64904958919115
2025-10-27 00:00:00+00:00,13508.196028404003,59.611276997905584
2025-10-28 00:00:00+00:00,13594.422960177246,59.567585803784155
2025-10-29 00:00:00+00:00,13671.315164561805,59.51808384186778
2025-10-30 00:00:00+00:00,13739.483548656852,59.462885320972696
2025-10-31 00:00:00+00:00,13799.43489142847,59.40210986952041
2025-11-01 00:00:00+00:00,13850.990112748228,59.33588152001878
2025-11-02 00:00:00+00:00,13893.211807036561,59.26432744010222
2025-11-03 00:00:00+00:00,13924.81375236115,59.18757668222693
2025-11-04 00:00:00+00:00,13944.819561160057,59.10575927106836
2025-11-05 00:00:00+00:00,13952.983550525478,59.01900582761875
2025-11-06 00:00:00+00:00,13949.637670356986,58.92744820540305
2025-11-07 00:00:00+00:00,13935.07501344174,58.83122118464635
2025-11-08 00:00:00+00:00,13908.966366310588,58.73046464859132
2025-11-09 00:00:00+00:00,13870.213126969353,58.62532558352744
2025-11-10 00:00:00+00:00,13817.37625261445,58.51595932112353
2025-11-11 00:00:00+00:00,13749.495001924846,58.40252989892577
2025-11-12 00:00:00+00:00,13666.795881736472,58.28520942464008
2025-11-13 00:00:00+00:00,13570.657476674955,58.164176950510466
2025-11-14 00:00:00+00:00,13462.628380912249,58.039617232386604
2025-11-15 00:00:00+00:00,13343.14699229333,57.91171953286633
2025-11-16 00:00:00+00:00,13210.77883886992,57.78067663979404
2025-11-17 00:00:00+00:00,13062.601273182163,57.6466839086678
2025-11-18 00:00:00+00:00,12895.557467157747,57.509938561160574
2025-11-19 00:00:00+00:00,12708.165489478548,57.37063897929622
2025-11-20 00:00:00+00:00,12501.560693738049,57.22898407063871
2025-11-21 00:00:00+00:00,12279.164302165127,57.08517266959148
2025-11-22 00:00:00+00:00,12044.946535376605,56.93940284269721
2025-11-23 00:00:00+00:00,11801.014548956131,56.79187134119689
2025-11-24 00:00:00+00:00,11546.163838093924,56.64277301022252
2025-11-25 00:00:00+00:00,11276.169996289413,56.49230018672221
2025-11-26 00:00:00+00:00,10985.9067270605,56.3406421615099
2025-11-27 00:00:00+00:00,10672.098972157426,56.18798456206758
2025-11-28 00:00:00+00:00,10335.212607916157,56.034508748716355
2025-11-29 00:00:00+00:00,9979.479644328998,55.880391043346286
2025-11-30 00:00:00+00:00,9610.822519462834,55.72580177941284
2025-12-01 00:00:00+00:00,9233.668010589046,55.57090435156209
2025-12-02 00:00:00+00:00,8848.666779420775,55.41585436801612
2025-12-03 00:00:00+00:00,8452.453658611097,55.2607989432244
2025-12-04 00:00:00+00:00,8039.629800243831,55.10587693999621
2025-12-05 00:00:00+00:00,7605.669851177288,54.95121995985258
2025-12-06 00:00:00+00:00,7149.464258820129,54.79695444444637
2025-12-07 00:00:00+00:00,6674.00070537176,54.64320414695753
2025-12-08 00:00:00+00:00,6184.7292708402365,54.49009238239778
2025-12-09 00:00:00+00:00,5686.702021729166,54.33774339594926
2025-12-10 00:00:00+00:00,5182.325420113878,54.186282819719096
2025-12-11 00:00:00+00:00,4670.5820353074,54.03583725910496
2025-12-12 00:00:00+00:00,4148.242316780291,53.88653360318057
2025-12-13 00:00:00+00:00,3612.31845458107,53.73849798604566
2025-12-14 00:00:00+00:00,3062.0067226837064,53.59185509625378
2025-12-15 00:00:00+00:00,2499.266720462113,53.44672751885194
2025-12-16 00:00:00+00:00,1927.6234466638914,53.303235332537234
2025-12-17 00:00:00+00:00,1350.2988928870832,53.16149578975228
2025-12-18 00:00:00+00:00,768.8450573664744,53.0216230872083
2025-12-19 00:00:00+00:00,183.47361400270927,52.8837281825464
2025-12-20 00:00:00+00:00,408.56540112712884,52.7479185913772
2025-12-21 00:00:00+00:00,1004.6627781083666,52.61429803285901
2025-12-22 00:00:00+00:00,1604.3242426573188,52.48296615854163
2025-12-23 00:00:00+00:00,2204.199171303211,52.3540181434138
2025-12-24 00:00:00+00:00,2801.122374761895,52.227544236888264
2025-12-25 00:00:00+00:00,3393.7198252688186,52.10362933604778
2025-12-26 00:00:00+00:00,3982.8040813310995,51.98235240018395
2025-12-27 00:00:00+00:00,4570.32016904626,51.863786009067425
2025-12-28 00:00:00+00:00,5157.264849873119,51.747995782378986
2025-12-29 00:00:00+00:00,5742.175117820604,51.635039535532435
2025-12-30 00:00:00+00:00,6320.896259393333,51.52496673410373
2025-12-31 00:00:00+00:00,6887.81321499328,51.41781792635254
2026-01-01 00:00:00+00:00,7438.29428599191,51.313624428051554
2026-01-02 00:00:00+00:00,7970.791733194937,51.21240885348975
2026-01-03 00:00:00+00:00,8486.89970050777,51.114186117725254
2026-01-04 00:00:00+00:00,8989.652043056612,51.01896519349378
2026-01-05 00:00:00+00:00,9481.20255060907,50.92675119836215
2026-01-06 00:00:00+00:00,9961.006861895892,50.83754730009625
2026-01-07 00:00:00+00:00,10425.364198818996,50.75135598176216
2026-01-08 00:00:00+00:00,10868.63166013611,50.668179515293225
2026-01-09 00:00:00+00:00,11285.56615629132,50.58801984744019
2026-01-10 00:00:00+00:00,11673.158835044678,50.51087810729391
2026-01-11 00:00:00+00:00,12031.21714472955,50.436754080070074
2026-01-12 00:00:00+00:00,12361.373317837671,50.365645656240645
2026-01-13 00:00:00+00:00,12665.230570537708,50.29754849550096
2026-01-14 00:00:00+00:00,12942.7466089576,50.23245576678977
2026-01-15 00:00:00+00:00,13191.8107633152,50.17035800850626
2026-01-16 00:00:00+00:00,13409.038694295567,50.11124323807636
2026-01-17 00:00:00+00:00,13591.233481555388,50.05509686671022
2026-01-18 00:00:00+00:00,13736.46499099187,50.00190172154965
2026-01-19 00:00:00+00:00,13844.210811326966,49.951637913164895
2026-01-20 00:00:00+00:00,13914.673597341314,49.90428260253229
2026-01-21 00:00:00+00:00,13947.8368774964,49.85980973002367
2026-01-22 00:00:00+00:00,13942.875916926994,49.818189391761074
2026-01-23 00:00:00+00:00,13898.297177477198,49.779387329246475
2026-01-24 00:00:00+00:00,13812.627751242064,49.743364272108295
2026-01-25 00:00:00+00:00,13685.181382053619,49.7100752937948
2026-01-26 00:00:00+00:00,13516.227154539743,49.679469208299636
2026-01-27 00:00:00+00:00,13306.499320210223,49.65148799552063
2026-01-28 00:00:00+00:00,13056.471079178995,49.626066317089766
2026-01-29 00:00:00+00:00,12765.99095929433,49.6031313015285
2026-01-30 00:00:00+00:00,12434.408668370661,49.58260249472267
2026-01-31 00:00:00+00:00,12061.155418214854,49.5643924731875
2026-02-01 00:00:00+00:00,11646.313023689121,49.54840783703641
2026-02-02 00:00:00+00:00,11191.117568647853,49.53455052711962
2026-02-03 00:00:00+00:00,10697.526961790616,49.522719492328456
2026-02-04 00:00:00+00:00,10167.276950524441,49.512812292376964
2026-02-05 00:00:00+00:00,9601.535434301075,49.504726106073
2026-02-06 00:00:00+00:00,9001.008356724104,49.49835839830144
2026-02-07 00:00:00+00:00,8366.587340491626,49.49360710353956
2026-02-08 00:00:00+00:00,7699.876718013966,49.490370490043524
2026-02-09 00:00:00+00:00,7003.236843797777,49.48854701747874
2026-02-10 00:00:00+00:00,6279.386648793515,49.488035085922995
2026-02-11 00:00:00+00:00,5531.023931601845,49.48873290285893
2026-02-12 00:00:00+00:00,4760.413473391617,49.49053855951376
2026-02-13 00:00:00+00:00,3969.3809942604034,49.49335010695276
2026-02-14 00:00:00+00:00,3159.713103437955,49.497065778029885
2026-02-15 00:00:00+00:00,2333.754997839865,49.50158429397211
2026-02-16 00:00:00+00:00,1494.9377398407519,49.50680512064888
2026-02-17 00:00:00+00:00,647.5810402483371,49.51262858870802
2026-02-18 00:00:00+00:00,208.8403895732204,49.5189558804956
2026-02-19 00:00:00+00:00,1062.5186754031065,49.525688728938455
2026-02-20 00:00:00+00:00,1918.9710349199293,49.532728781764526
2026-02-21 00:00:00+00:00,2774.2848857688873,49.539976877235645
2026-02-22 00:00:00+00:00,3624.620699777615,49.547332079236725
2026-02-23 00:00:00+00:00,4464.67770532583,49.55469085607035
2026-02-24 00:00:00+00:00,5288.635113224278,49.56194633164798
2026-02-25 00:00:00+00:00,6091.557595453896,49.568987823008115
2026-02-26 00:00:00+00:00,6870.434155438326,49.57570065215129
2026-02-27 00:00:00+00:00,7624.261359942691,49.58196617554393
2026-02-28 00:00:00+00:00,8353.028218141355,49.58766221292328
2026-03-01 00:00:00+00:00,9055.825926422522,49.59266370659567
2026-03-02 00:00:00+00:00,9729.347040485472,49.59684381415682
2026-03-03 00:00:00+00:00,10367.34661043678,49.60007502530164
2026-03-04 00:00:00+00:00,10962.067431911872,49.602230453987666
2026-03-05 00:00:00+00:00,11507.065468202914,49.60318512867416
2026-03-06 00:00:00+00:00,11999.016551795006,49.60281702896227
2026-03-07 00:00:00+00:00,12437.729901342802,49.60100779015467
2026-03-08 00:00:00+00:00,12824.503247511075,49.59764316355833
2026-03-09 00:00:00+00:00,13159.85933446504,49.59261322457533
2026-03-10 00:00:00+00:00,13441.90582218223,49.585812465847376
2026-03-11 00:00:00+00:00,13666.232160923684,49.57713983723455
2026-03-12 00:00:00+00:00,13827.497815784402,49.56649883973388
2026-03-13 00:00:00+00:00,13921.860264884093,49.55379768925402
2026-03-14 00:00:00+00:00,13948.438825844374,49.538949633690876
2026-03-15 00:00:00+00:00,13908.66902793871,49.52187336936867
2026-03-16 00:00:00+00:00,13804.153985858182,49.50249351809794
2026-03-17 00:00:00+00:00,13634.714202476922,49.480741120253846
2026-03-18 00:00:00+00:00,13397.960113857558,49.45655400150015
2026-03-19 00:00:00+00:00,13090.579448513108,49.42987681112364
2026-03-20 00:00:00+00:00,12710.568282257456,49.40066061788726
2026-03-21 00:00:00+00:00,12259.204174655717,49.36886199905691
2026-03-22 00:00:00+00:00,11741.38776922609,49.33444168973119
2026-03-23 00:00:00+00:00,11163.807696307127,49.29736306654199
2026-03-24 00:00:00+00:00,10531.874534304356,49.25759074580481
2026-03-25 00:00:00+00:00,9847.46423327524,49.215089582024724
2026-03-26 00:00:00+00:00,9109.03728856016,49.16982414561381
2026-03-27 00:00:00+00:00,8314.155997249069,49.121758685199154
2026-03-28 00:00:00+00:00,7462.7101272928685,49.070857449311674
2026-03-29 00:00:00+00:00,6558.867105386587,49.017085296816425
2026-03-30 00:00:00+00:00,5610.582339069792,48.96040842573279
2026-03-31 00:00:00+00:00,4627.285697928,48.900795226963055
2026-04-01 00:00:00+00:00,3617.1810280055774,48.8382171835172
2026-04-02 00:00:00+00:00,2585.6158648907976,48.77264976025034
2026-04-03 00:00:00+00:00,1535.4938048409713,48.70407320673459
2026-04-04 00:00:00+00:00,470.0938244221479,48.63247324289134
2026-04-05 00:00:00+00:00,612.388353031756,48.557841567690524
2026-04-06 00:00:00+00:00,1694.5780493920543,48.48017617014135
2026-04-07 00:00:00+00:00,2771.4223788237364,48.399481473600375
2026-04-08 00:00:00+00:00,3832.4887558735136,48.31576837600254
2026-04-09 00:00:00+00:00,4871.143558806716,48.22905422136412
2026-04-10 00:00:00+00:00,5884.097411570412,48.139362793154156
2026-04-11 00:00:00+00:00,6868.972979903367,48.0467243789768
2026-04-12 00:00:00+00:00,7821.322433548904,47.95117597353703
2026-04-13 00:00:00+00:00,8733.158160760471,47.85276157093033
2026-04-14 00:00:00+00:00,9593.69036608661,47.75153261063304
2026-04-15 00:00:00+00:00,10391.645499573566,47.64754842124044
2026-04-16 00:00:00+00:00,11117.932078023654,47.540876486978405
2026-04-17 00:00:00+00:00,11767.250597034345,47.431592344674
2026-04-18 00:00:00+00:00,12337.674133301638,47.31977877827202
2026-04-19 00:00:00+00:00,12828.42084773712,47.2055243020641
2026-04-20 00:00:00+00:00,13237.275165830733,47.08892102846
2026-04-21 00:00:00+00:00,13559.271206439134,46.97006236427429
2026-04-22 00:00:00+00:00,13787.703509472156,46.84904107075369
2026-04-23 00:00:00+00:00,13916.650525688723,46.725948014165716
2026-04-24 00:00:00+00:00,13943.062565950722,46.60087169476645
2026-04-25 00:00:00+00:00,13866.971343687655,46.47389840481417
2026-04-26 00:00:00+00:00,13689.984711525054,46.345112770881755
2026-04-27 00:00:00+00:00,13413.402504021053,46.214598430057045
2026-04-28 00:00:00+00:00,13037.184223718616,46.08243873023992
2026-04-29 00:00:00+00:00,12560.256634663048,45.94871730253799
2026-04-30 00:00:00+00:00,11982.005609280559,45.81351868309632
2026-05-01 00:00:00+00:00,11304.268423129515,45.676928743803956
2026-05-02 00:00:00+00:00,10532.391420963002,45.5390351537152
2026-05-03 00:00:00+00:00,9674.597924778533,45.39992768761905
2026-05-04 00:00:00+00:00,8739.807694720423,45.25969852729678
2026-05-05 00:00:00+00:00,7735.496087872875,45.118442438028076
2026-05-06 00:00:00+00:00,6667.320819665107,44.97625686627774
2026-05-07 00:00:00+00:00,5540.488547529112,44.83324193611868
2026-05-08 00:00:00+00:00,4361.577209404857,44.6895004924083
2026-05-09 00:00:00+00:00,3139.3868847202984,44.54513810198995
2026-05-10 00:00:00+00:00,1884.4400146884157,44.40026314864228
2026-05-11 00:00:00+00:00,608.5416009475128,44.254987060358495
2026-05-12 00:00:00+00:00,679.0422688575298,44.10942463752109
2026-05-13 00:00:00+00:00,1962.9124618652781,43.963694546825394
2026-05-14 00:00:00+00:00,3234.4030408323024,43.81791984798197
2026-05-15 00:00:00+00:00,4482.766991736368,43.67222827277873
2026-05-16 00:00:00+00:00,5697.478266794819,43.526752083339034
2026-05-17 00:00:00+00:00,6867.40709621856,43.38162714964159
2026-05-18 00:00:00+00:00,7980.788675206295,43.236991166453514
2026-05-19 00:00:00+00:00,9026.206118048063,43.09298127227937
2026-05-20 00:00:00+00:00,9993.518966878404,42.94973162835066
2026-05-21 00:00:00+00:00,10873.82857528126,42.8073715059179
2026-05-22 00:00:00+00:00,11658.666305987199,42.66602434256717
2026-05-23 00:00:00+00:00,12339.416857419259,42.525807683734044
2026-05-24 00:00:00+00:00,12907.795186664805,42.38683360869577
2026-05-25 00:00:00+00:00,13356.855024564986,42.249209556378716
2026-05-26 00:00:00+00:00,13681.537495584886,42.11303909947863
2026-05-27 00:00:00+00:00,13878.321370875312,41.97842262341918
2026-05-28 00:00:00+00:00,13944.498866081422,41.845457818237264
2026-05-29 00:00:00+00:00,13877.882127886322,41.71424013215668
2026-05-30 00:00:00+00:00,13677.080012064293,41.58486305653812
2026-05-31 00:00:00+00:00,13342.026429661,41.457418455182854
2026-06-01 00:00:00+00:00,12874.48927995449,41.33199674651764
2026-06-02 00:00:00+00:00,12278.723112534588,41.20868703780884
2026-06-03 00:00:00+00:00,11561.222491075754,41.08757755575294
2026-06-04 00:00:00+00:00,10729.609047965714,40.968755774573616
2026-06-05 00:00:00+00:00,9791.581513730616,40.85230851206802
2026-06-06 00:00:00+00:00,8754.330622641384,40.738322133483145
2026-06-07 00:00:00+00:00,7625.431686490915,40.626882685248994
2026-06-08 00:00:00+00:00,6414.5726883896195,40.51807611665785
2026-06-09 00:00:00+00:00,5134.547713441893,40.41198866400265
2026-06-10 00:00:00+00:00,3800.3604653482253,40.30870722718653
2026-06-11 00:00:00+00:00,2427.004181711603,40.208319974397604
2026-06-12 00:00:00+00:00,1028.14542931558,40.110916816067565
2026-06-13 00:00:00+00:00,389.1561180248994,40.01658973776587
2026-06-14 00:00:00+00:00,1801.6543713411877,39.92543258719058
2026-06-15 00:00:00+00:00,3202.8932012017617,39.837540158905945
2026-06-16 00:00:00+00:00,4574.607612120971,39.753006487251454
2026-06-17 00:00:00+00:00,5899.391226466104,39.67192265033612
2026-06-18 00:00:00+00:00,7160.790099815927,39.59437472122958
2026-06-19 00:00:00+00:00,8344.70835545896,39.52044230556957
2026-06-20 00:00:00+00:00,9440.171305404703,39.4501979076558
2026-06-21 00:00:00+00:00,10438.745109117188,39.383707082898916
2026-06-22 00:00:00+00:00,11332.773327177068,39.32102900088221
2026-06-23 00:00:00+00:00,12113.157844810676,39.262217189898585
2026-06-24 00:00:00+00:00,12768.430692204038,39.20732021688549
2026-06-25 00:00:00+00:00,13286.369533972415,39.15638224918954
2026-06-26 00:00:00+00:00,13657.348225761078,39.10944344963685
2026-06-27 00:00:00+00:00,13876.78075940862,39.06654023388017
2026-06-28 00:00:00+00:00,13944.712472863419,39.027705505384105
2026-06-29 00:00:00+00:00,13863.06341248628,38.992968804153385
2026-06-30 00:00:00+00:00,13632.98537841883,38.96235649913313
2026-07-01 00:00:00+00:00,13254.192586690975,38.935891961349384
2026-07-02 00:00:00+00:00,12726.329108052583,38.9135958244933
2026-07-03 00:00:00+00:00,12051.409891849562,38.89548614425479
2026-07-04 00:00:00+00:00,11235.962788678995,38.88157866059476
2026-07-05 00:00:00+00:00,10291.39375976996,38.87188709264328
2026-07-06 00:00:00+00:00,9232.36848251594,38.86642342340315
2026-07-07 00:00:00+00:00,8073.697333563114,38.86519823947918
2026-07-08 00:00:00+00:00,6827.625171957276,38.86822113980672
2026-07-09 00:00:00+00:00,5503.523219058675,38.875501178255696
2026-07-10 00:00:00+00:00,4110.62893124987,38.88704737392325
2026-07-11 00:00:00+00:00,2661.96268705637,38.90286917414317
2026-07-12 00:00:00+00:00,1176.8567048382913,38.92297661220005
2026-07-13 00:00:00+00:00,334.5825631053705,38.94738009754945
2026-07-14 00:00:00+00:00,1823.045122178334,38.976089556704935
2026-07-15 00:00:00+00:00,3294.0743657930366,39.00911302919262
2026-07-16 00:00:00+00:00,4729.573277244726,39.04645497980239
2026-07-17 00:00:00+00:00,6117.372229812889,39.08811475956948
2026-07-18 00:00:00+00:00,7442.944815949604,39.13408554321268
2026-07-19 00:00:00+00:00,8688.172251763954,39.184353922766455
2026-07-20 00:00:00+00:00,9832.971049131318,39.23890004115465
2026-07-21 00:00:00+00:00,10858.347475008115,39.29769801571654
2026-07-22 00:00:00+00:00,11749.214253306973,39.36071649825172
2026-07-23 00:00:00+00:00,12495.678236663627,39.42791917346909
2026-07-24 00:00:00+00:00,13092.225887630091,39.499265149196255
2026-07-25 00:00:00+00:00,13535.167334934424,39.57470922893205
2026-07-26 00:00:00+00:00,13819.858676508235,39.65420208501104
2026-07-27 00:00:00+00:00,13939.645113996668,39.7376903504792
2026-07-28 00:00:00+00:00,13887.695940503512,39.82511674413236
2026-07-29 00:00:00+00:00,13660.744709935425,39.91642012813012
2026-07-30 00:00:00+00:00,13261.68535092683,40.011535685667546
2026-07-31 00:00:00+00:00,12698.721829801347,40.11039511559808
2026-08-01 00:00:00+00:00,11981.82983734994,40.21292690133698
2026-08-02 00:00:00+00:00,11119.708481293887,40.319056648342986
2026-08-03 00:00:00+00:00,10119.389257216848,40.428707493940905
2026-08-04 00:00:00+00:00,8988.309246084696,40.541800541499725
2026-08-05 00:00:00+00:00,7736.946790364036,40.65825532796053
2026-08-06 00:00:00+00:00,6380.115132929157,40.777990294603875
2026-08-07 00:00:00+00:00,4936.714077590803,40.90092330301658
2026-08-08 00:00:00+00:00,3428.2926611563066,41.026972101644056
2026-08-09 00:00:00+00:00,1877.179732348087,41.15605469373069
2026-08-10 00:00:00+00:00,312.15564568954767,41.28808946293477
2026-08-11 00:00:00+00:00,1281.7784403399407,41.42299495291296
2026-08-12 00:00:00+00:00,2847.684573494295,41.56068920528888
2026-08-13 00:00:00+00:00,4384.716203117131,41.701088704417785
2026-08-14 00:00:00+00:00,5870.9214455162,41.84410718288559
2026-08-15 00:00:00+00:00,7282.650502620375,41.98965446856276
2026-08-16 00:00:00+00:00,8597.274518087805,42.137635732057255
2026-08-17 00:00:00+00:00,9796.33650766824,42.28795109354105
2026-08-18 00:00:00+00:00,10866.183488279654,42.440495660345
2026-08-19 00:00:00+00:00,11795.620996124115,42.59515976679133
2026-08-20 00:00:00+00:00,12573.143856614666,42.751829318905955
2026-08-21 00:00:00+00:00,13186.294171835905,42.910386146963766
2026-08-22 00:00:00+00:00,13623.391091196281,43.07070826476921
2026-08-23 00:00:00+00:00,13875.830739929028,43.23267005707104
2026-08-24 00:00:00+00:00,13939.108592096843,43.39614236676121
2026-08-25 00:00:00+00:00,13812.380916847587,43.56099253139247
2026-08-26 00:00:00+00:00,13497.496225777779,43.72708440172419
2026-08-27 00:00:00+00:00,12998.317482875906,43.89427835069282
2026-08-28 00:00:00+00:00,12320.368577847468,44.062431373110456
2026-08-29 00:00:00+00:00,11470.690275033066,44.23139731862948
2026-08-30 00:00:00+00:00,10458.299499812792,44.401027237575285
2026-08-31 00:00:00+00:00,9295.365581334338,44.57116989845765
2026-09-01 00:00:00+00:00,7998.176752824716,44.741672445622434
2026-09-02 00:00:00+00:00,6586.479427282871,44.91238117585842
2026-09-03 00:00:00+00:00,5081.440915623042,45.0831422547012
2026-09-04 00:00:00+00:00,3503.6899297862233,45.253802444874026
2026-09-05 00:00:00+00:00,1873.114554728362,45.424209805387086
2026-09-06 00:00:00+00:00,216.38200160731344,45.594214264538486
2026-09-07 00:00:00+00:00,1464.4800884442266,45.76366799264332
2026-09-08 00:00:00+00:00,3119.340967922782,45.93242556694441
2026-09-09 00:00:00+00:00,4731.9657439663015,46.10034381528314
2026-09-10 00:00:00+00:00,6278.441292908148,46.2672813472299
2026-09-11 00:00:00+00:00,7737.198612819113,46.43309782155871
2026-09-12 00:00:00+00:00,9087.139140333793,46.59765308740839
2026-09-13 00:00:00+00:00,10306.665269148407,46.76080638264169
2026-09-14 00:00:00+00:00,11374.777740899008,46.922415727728236
2026-09-15 00:00:00+00:00,12273.362158604818,47.08233764691378
2026-09-16 00:00:00+00:00,12988.512015267146,47.24042713757315
2026-09-17 00:00:00+00:00,13509.967407507098,47.39653784463865
2026-09-18 00:00:00+00:00,13829.695900798562,47.550522385331234
2026-09-19 00:00:00+00:00,13941.260878423715,47.70223264799595
2026-09-20 00:00:00+00:00,13840.369534145662,47.85152010397092
2026-09-21 00:00:00+00:00,13525.84453208385,47.99823599912052
2026-09-22 00:00:00+00:00,13000.240953378647,48.14223147090349
2026-09-23 00:00:00+00:00,12270.14919842871,48.2833575861066
2026-09-24 00:00:00+00:00,11346.399748657615,48.42146532022492
2026-09-25 00:00:00+00:00,10243.827277584483,48.556405561757806
2026-09-26 00:00:00+00:00,8980.075361600382,48.688029182914335
2026-09-27 00:00:00+00:00,7573.799520674091,48.81618737378512
2026-09-28 00:00:00+00:00,6043.823434525606,48.940732243611244
2026-09-29 00:00:00+00:00,4410.472801036821,49.06151775461169
2026-09-30 00:00:00+00:00,2698.18272225982,49.178400972811694
2026-10-01 00:00:00+00:00,937.3489390155222,49.2912434386324
2026-10-02 00:00:00+00:00,845.577616924707,49.399912552803
2026-10-03 00:00:00+00:00,2608.46096083472,49.50428277507021
2026-10-04 00:00:00+00:00,4331.060793224878,49.60423656404676
2026-10-05 00:00:00+00:00,5988.824091511301,49.6996649541169
2026-10-06 00:00:00+00:00,7557.733171976111,49.790467860114326
2026-10-07 00:00:00+00:00,9010.577973419364,49.87655407204807
2026-10-08 00:00:00+00:00,10317.614741523825,49.957841022040434
2026-10-09 00:00:00+00:00,11450.639120764366,50.03425431102513
2026-10-10 00:00:00+00:00,12387.14329389328,50.10572705528309
2026-10-11 00:00:00+00:00,13111.72244252687,50.172199199559145
2026-10-12 00:00:00+00:00,13614.44716509155,50.233616813201515
2026-10-13 00:00:00+00:00,13888.227831613909,50.28993152804031
2026-10-14 00:00:00+00:00,13927.249760999117,50.341100165761524
2026-10-15 00:00:00+00:00,13727.065296547313,50.387084539294264
2026-10-16 00:00:00+00:00,13285.985445577568,50.42785144706588
2026-10-17 00:00:00+00:00,12607.22646890381,50.46337274496082
2026-10-18 00:00:00+00:00,11700.922566951085,50.493625440055105
2026-10-19 00:00:00+00:00,10584.646137662408,50.51859173682735
2026-10-20 00:00:00+00:00,9281.383126646122,50.538258982503436
2026-10-21 00:00:00+00:00,7815.742927698347,50.55261945399955
2026-10-22 00:00:00+00:00,6210.968681619519,50.561670071071234
2026-10-23 00:00:00+00:00,4489.226555293324,50.56541187644935
2026-10-24 00:00:00+00:00,2675.3699405737657,50.563849581896534
2026-10-25 00:00:00+00:00,801.1895802107498,50.55699122353024
2026-10-26 00:00:00+00:00,1094.6295403338495,50.54484809458601
2026-10-27 00:00:00+00:00,2969.7428001459966,50.52743526615545
2026-10-28 00:00:00+00:00,4786.580223472506,50.50477264950423
2026-10-29 00:00:00+00:00,6514.311546046243,50.476886615799216
2026-10-30 00:00:00+00:00,8127.138481422772,50.44381177683033
2026-10-31 00:00:00+00:00,9599.202283598472,50.40559244625358
2026-11-01 00:00:00+00:00,10901.237293465614,50.362283709604085
2026-11-02 00:00:00+00:00,12001.712066261134,50.31395170745841
2026-11-03 00:00:00+00:00,12871.984980744171,50.26067347505597
2026-11-04 00:00:00+00:00,13491.256631248873,50.20253639125503
2026-11-05 00:00:00+00:00,13847.90656444784,50.13963731304791
2026-11-06 00:00:00+00:00,13937.52708601977,50.07208158804902
2026-11-07 00:00:00+00:00,13759.834888577534,49.99998210550543
2026-11-08 00:00:00+00:00,13316.813205025057,49.9234582531762
2026-11-09 00:00:00+00:00,12612.74386963657,49.84263495508021
2026-11-10 00:00:00+00:00,11655.757189935935,49.757641681016985
2026-11-11 00:00:00+00:00,10460.174747847419,49.66861159183856
2026-11-12 00:00:00+00:00,9048.384564849359,49.57568084051501
2026-11-13 00:00:00+00:00,7450.954879602721,49.478987893274315
2026-11-14 00:00:00+00:00,5704.146479620185,49.3786730918006
2026-11-15 00:00:00+00:00,3845.8076727476077,49.274878244433324
2026-11-16 00:00:00+00:00,1913.9057073002132,49.167746260597255
2026-11-17 00:00:00+00:00,206.5287783389376,49.05742083615314
2026-11-18 00:00:00+00:00,2073.37692729601,48.94404590427886
2026-11-19 00:00:00+00:00,4026.3422166429295,48.82776513614319
2026-11-20 00:00:00+00:00,5905.78082668703,48.70872119470868
2026-11-21 00:00:00+00:00,7663.633774622924,48.58705482907724
2026-11-22 00:00:00+00:00,9258.75001683993,48.462904023540744
2026-11-23 00:00:00+00:00,10658.965454320729,48.33640327170794
2026-11-24 00:00:00+00:00,11839.321295868842,48.20768319972428
2026-11-25 00:00:00+00:00,12777.663386685335,48.0768712125271
2026-11-26 00:00:00+00:00,13451.925528101385,47.944092734961764
2026-11-27 00:00:00+00:00,13841.657727571905,47.809473340187004
2026-11-28 00:00:00+00:00,13932.481165167517,47.67314088795233
2026-11-29 00:00:00+00:00,13719.91049142754,47.5352272599072
2026-11-30 00:00:00+00:00,13209.517372710432,47.39586924123433
2026-12-01 00:00:00+00:00,12413.944220278792,47.25520842098661
2026-12-02 00:00:00+00:00,11349.868526027247,47.113390624301154
2026-12-03 00:00:00+00:00,10037.346571912187,46.97056483497654
2026-12-04 00:00:00+00:00,8501.173370561804,46.8268821850411
2026-12-05 00:00:00+00:00,6772.327108432023,46.68249498890999
2026-12-06 00:00:00+00:00,4887.917960782702,46.53755590780283
2026-12-07 00:00:00+00:00,2890.1234955626564,46.39221713772636
2026-12-08 00:00:00+00:00,829.5770829416049,46.24662983631802
2026-12-09 00:00:00+00:00,1279.7630011114811,46.10094352415158
2026-12-10 00:00:00+00:00,3341.412565201092,45.9553054167982
2026-12-11 00:00:00+00:00,5334.040378118402,45.80986003157454
2026-12-12 00:00:00+00:00,7209.3909604969285,45.66474873145827
2026-12-13 00:00:00+00:00,8924.554421487554,45.520109357878646
2026-12-14 00:00:00+00:00,10439.976240342825,45.37607590287457
2026-12-15 00:00:00+00:00,11719.149993592586,45.23277826531736
2026-12-16 00:00:00+00:00,12729.665525322807,45.09034191935597
2026-12-17 00:00:00+00:00,13445.307566041925,44.94888758940705
2026-12-18 00:00:00+00:00,13848.000094820638,44.80853076810647
2026-12-19 00:00:00+00:00,13928.161512549721,44.66938116226948
2026-12-20 00:00:00+00:00,13683.325633562448,44.53154187856986
2026-12-21 00:00:00+00:00,13116.864804822098,44.39510862425818
2026-12-22 00:00:00+00:00,12238.355774057845,44.260169022757886
2026-12-23 00:00:00+00:00,11065.475403053508,44.126802513585176
2026-12-24 00:00:00+00:00,9625.380524355785,43.995080980181854
2026-12-25 00:00:00+00:00,7953.7902628073825,43.86507035689271
2026-12-26 00:00:00+00:00,6091.738097957274,43.73683299346505
2026-12-27 00:00:00+00:00,4082.7802275142385,43.61043004800534
2026-12-28 00:00:00+00:00,1973.1590501978644,43.485923439146575
2026-12-29 00:00:00+00:00,237.4530669080281,43.36337661822885
2026-12-30 00:00:00+00:00,2368.4961577631216,43.242854589256545
2026-12-31 00:00:00+00:00,4480.5721373461365,43.1244232485895
2027-01-01 00:00:00+00:00,6485.72130068128,43.00814848070765
2027-01-02 00:00:00+00:00,8333.691685412015,42.894095295603414
2027-01-03 00:00:00+00:00,9980.396749175552,42.78232714351699
2027-01-04 00:00:00+00:00,11385.652856086974,42.67290519442033
2027-01-05 00:00:00+00:00,12512.236091904286,42.56588805793269
2027-01-06 00:00:00+00:00,13327.343024427675,42.461331409356006
2027-01-07 00:00:00+00:00,13806.248684914313,42.359287804901996
2027-01-08 00:00:00+00:00,13935.565148141044,42.25980629530029
2027-01-09 00:00:00+00:00,13713.313545302057,42.16293229796841
2027-01-10 00:00:00+00:00,13146.02421317817,42.06870721093108
2027-01-11 00:00:00+00:00,12245.878714780485,41.97716818382056
2027-01-12 00:00:00+00:00,11030.635353754444,41.88834785848119
2027-01-13 00:00:00+00:00,9526.429643977026,41.80227404990795
2027-01-14 00:00:00+00:00,7770.483625128669,41.7189695420743
2027-01-15 00:00:00+00:00,5810.687913544253,41.63845164283214
2027-01-16 00:00:00+00:00,3701.795030474015,41.560731861100585
2027-01-17 00:00:00+00:00,1504.8606698773906,41.48581531536442
2027-01-18 00:00:00+00:00,792.036458957774,41.413700005780164
2027-01-19 00:00:00+00:00,3005.1108559176328,41.34437616651831
2027-01-20 00:00:00+00:00,5170.0945513578135,41.277825688785406
2027-01-21 00:00:00+00:00,7209.158428243835,41.214021983643384
2027-01-22 00:00:00+00:00,9060.756681752584,41.152930620314265
2027-01-23 00:00:00+00:00,10669.435878919212,41.09451089993713
2027-01-24 00:00:00+00:00,11989.672045064684,41.038718051205386
2027-01-25 00:00:00+00:00,12987.205832689262,40.985505535905496
2027-01-26 00:00:00+00:00,13637.513746161876,40.93482687100859
2027-01-27 00:00:00+00:00,13923.691498761416,40.886636547817815
2027-01-28 00:00:00+00:00,13835.687566390265,40.84089019916499
2027-01-29 00:00:00+00:00,13371.356694130916,40.797544186330086
2027-01-30 00:00:00+00:00,12538.447807199394,40.75655496216623
2027-01-31 00:00:00+00:00,11356.259511349599,40.71787842317015
2027-02-01 00:00:00+00:00,9856.03243246302,40.68146942610213
2027-02-02 00:00:00+00:00,8080.388488159894,40.64728139180364
2027-02-03 00:00:00+00:00,6080.635930259457,40.615266154134645
2027-02-04 00:00:00+00:00,3913.4930368715923,40.585374064017344
2027-02-05 00:00:00+00:00,1642.5472852168605,40.55755380193719
2027-02-06 00:00:00+00:00,729.2654771519342,40.53175237474278
2027-02-07 00:00:00+00:00,3019.798692322371,40.507914997646104
2027-02-08 00:00:00+00:00,5252.117239616456,40.4859849768242
2027-02-09 00:00:00+00:00,7341.727171133983,40.465903495741074
2027-02-10 00:00:00+00:00,9223.861956157023,40.447609324170635
2027-02-11 00:00:00+00:00,10842.301591102902,40.431038511227115
2027-02-12 00:00:00+00:00,12152.133026364078,40.41612398388784
2027-02-13 00:00:00+00:00,13119.69205004148,40.402795168313254
2027-02-14 00:00:00+00:00,13719.812375105445,40.390977470458466
2027-02-15 00:00:00+00:00,13933.186423769941,40.380591757535385
2027-02-16 00:00:00+00:00,13746.964878031933,40.371553695933656
2027-02-17 00:00:00+00:00,13159.20653234973,40.363773201365646
2027-02-18 00:00:00+00:00,12184.016838612248,40.35715400279222
2027-02-19 00:00:00+00:00,10852.815732973042,40.35159368996813
2027-02-20 00:00:00+00:00,9209.919757524869,40.34698437052331
2027-02-21 00:00:00+00:00,7305.399665063881,40.34321414472698
2027-02-22 00:00:00+00:00,5190.469407744104,40.34016901337366
2027-02-23 00:00:00+00:00,2918.7831385705394,40.337734965869615
2027-02-24 00:00:00+00:00,563.5243715266291,40.33579970105467
2027-02-25 00:00:00+00:00,1862.376226542198,40.33425369213784
2027-02-26 00:00:00+00:00,4208.8551290455425,40.332990615780325
2027-02-27 00:00:00+00:00,6429.43469605356,40.33190727468794
2027-02-28 00:00:00+00:00,8452.757887761878,40.33090326901784
2027-03-01 00:00:00+00:00,10222.120602433322,40.32988066817711
2027-03-02 00:00:00+00:00,11691.713693329026,40.32874373145643
2027-03-03 00:00:00+00:00,12821.113679848315,40.32739875612223
2027-03-04 00:00:00+00:00,13572.804474649882,40.32575407991451
2027-03-05 00:00:00+00:00,13915.551258959575,40.32372021258314
2027-03-06 00:00:00+00:00,13831.484253681676,40.32120995567161
2027-03-07 00:00:00+00:00,13321.526338268708,40.31813858356241
2027-03-08 00:00:00+00:00,12404.890367780265,40.31442391367868
2027-03-09 00:00:00+00:00,11113.38948514269,40.30998627101771
2027-03-10 00:00:00+00:00,9485.522009028333,40.304748295174846
2027-03-11 00:00:00+00:00,7564.916816751156,40.29863455808021
2027-03-12 00:00:00+00:00,5403.4492790564145,40.291571040024536
2027-03-13 00:00:00+00:00,3065.788592874718,40.28348450837922
2027-03-14 00:00:00+00:00,646.6452226419364,40.27430180919234
2027-03-15 00:00:00+00:00,1855.92154173386,40.26394915681558
2027-03-16 00:00:00+00:00,4252.058553614346,40.25235145640764
2027-03-17 00:00:00+00:00,6517.190016609974,40.23943171314274
2027-03-18 00:00:00+00:00,8581.499532482776,40.22511057182481
2027-03-19 00:00:00+00:00,10383.375031292027,40.209306169669915
2027-03-20 00:00:00+00:00,11865.321219529915,40.191934387229026
2027-03-21 00:00:00+00:00,12975.523859234672,40.1729096486199
2027-03-22 00:00:00+00:00,13672.638378221262,40.15214622267119
2027-03-23 00:00:00+00:00,13930.635176458787,40.129559896399904
2027-03-24 00:00:00+00:00,13740.685400269993,40.105069684202235
2027-03-25 00:00:00+00:00,13109.604569358171,40.07859930865026
2027-03-26 00:00:00+00:00,12057.033701288921,40.050078173880316
2027-03-27 00:00:00+00:00,10614.004080092449,40.01944188441737
2027-03-28 00:00:00+00:00,8823.56666145388,39.9866323507481
2027-03-29 00:00:00+00:00,6741.867253966171,39.951597646979224
2027-03-30 00:00:00+00:00,4437.934703824886,39.914291789751076
2027-03-31 00:00:00+00:00,1996.0856944702496,39.87467454365967
2027-04-01 00:00:00+00:00,634.5924690739247,39.8327113243415
2027-04-02 00:00:00+00:00,3075.301786491506,39.788373221411334
2027-04-03 00:00:00+00:00,5480.0596726733165,39.741637106274126
2027-04-04 00:00:00+00:00,7713.508397733226,39.69248584486908
2027-04-05 00:00:00+00:00,9696.044436844039,39.64090849747487
2027-04-06 00:00:00+00:00,11357.34176622943,39.58690041320454
2027-04-07 00:00:00+00:00,12638.689922596119,39.530463141655915
2027-04-08 00:00:00+00:00,13495.794802675653,39.4716040506004
2027-04-09 00:00:00+00:00,13899.530159800732,39.41033561654714
2027-04-10 00:00:00+00:00,13835.228104044625,39.34667439397222
2027-04-11 00:00:00+00:00,13302.197699493721,39.28063980299286
2027-04-12 00:00:00+00:00,12314.61833450973,39.21225286618147
2027-04-13 00:00:00+00:00,10903.155059622395,39.141535056665795
2027-04-14 00:00:00+00:00,9115.40928234554,39.068507408086006
2027-04-15 00:00:00+00:00,7013.913476425867,38.9931899375196
2027-04-16 00:00:00+00:00,4672.3663622112535,38.91560140141365
2027-04-17 00:00:00+00:00,2175.4185714840755,38.835759414978654
2027-04-18 00:00:00+00:00,519.1231423121745,38.753680916437624
2027-04-19 00:00:00+00:00,3025.66553342098,38.669382974954345
2027-04-20 00:00:00+00:00,5503.792621746689,38.58288385751245
2027-04-21 00:00:00+00:00,7798.904044297237,38.49420422799605
2027-04-22 00:00:00+00:00,9821.956218348714,38.40336831471437
2027-04-23 00:00:00+00:00,11497.15235854133,38.31040489841669
2027-04-24 00:00:00+00:00,12764.84527817505,38.215347973554685
2027-04-25 00:00:00+00:00,13582.298975952375,38.118237088824834
2027-04-26 00:00:00+00:00,13922.00403970139,38.019117414839066
2027-04-27 00:00:00+00:00,13770.013159762953,37.91803959810407
2027-04-28 00:00:00+00:00,13126.63100400199,37.81505955509905
2027-04-29 00:00:00+00:00,12009.360557058597,37.71023824941333
2027-04-30 00:00:00+00:00,10455.650315768364,37.603641546178316
2027-05-01 00:00:00+00:00,8522.62097952604,37.49534018894975
2027-05-02 00:00:00+00:00,6283.052935183267,37.38540987077583
2027-05-03 00:00:00+00:00,3820.1597740180614,37.273931426972965
2027-05-04 00:00:00+00:00,1234.7471034454263,37.160991035481224
2027-05-05 00:00:00+00:00,1477.9905757187853,37.04668033573246
2027-05-06 00:00:00+00:00,4075.73631155915,36.93109625602324
2027-05-07 00:00:00+00:00,6547.023570993331,36.8143404366649
2027-05-08 00:00:00+00:00,8784.307350841535,36.696518159230386
2027-05-09 00:00:00+00:00,10696.709556901562,36.57773679094945
2027-05-10 00:00:00+00:00,12209.352298038753,36.45810398822013
2027-05-11 00:00:00+00:00,13267.243309673344,36.337725963604775
2027-05-12 00:00:00+00:00,13835.003817110697,36.21670614412814
2027-05-13 00:00:00+00:00,13893.751763460637,36.095144329962835
2027-05-14 00:00:00+00:00,13438.910629780301,35.97313643737785
2027-05-15 00:00:00+00:00,12481.330303827745,35.850774679375476
2027-05-16 00:00:00+00:00,11050.900146433842,35.72814803402072
2027-05-17 00:00:00+00:00,9199.465398528679,35.60534293062772
2027-05-18 00:00:00+00:00,6999.688465538372,35.48244402429137
2027-05-19 00:00:00+00:00,4539.909176747703,35.35953499865279
2027-05-20 00:00:00+00:00,1923.0550137765656,35.236699387661155
2027-05-21 00:00:00+00:00,865.8631610566708,35.11402128132433
2027-05-22 00:00:00+00:00,3501.764398123018,34.991585937069225
2027-05-23 00:00:00+00:00,6054.822027553991,34.8694802057169
2027-05-24 00:00:00+00:00,8390.21137622419,34.74779275869548
2027-05-25 00:00:00+00:00,10408.619235211856,34.62661418517088
2027-05-26 00:00:00+00:00,12023.833237557132,34.50603695448032
2027-05-27 00:00:00+00:00,13169.679053790076,34.386155303067625
2027-05-28 00:00:00+00:00,13803.847468208145,34.26706513744028
2027-05-29 00:00:00+00:00,13906.338482544415,34.14886400294798
2027-05-30 00:00:00+00:00,13475.130921044185,34.031651138755805
2027-05-31 00:00:00+00:00,12523.622413560513,33.915527677004405
2027-06-01 00:00:00+00:00,11081.979907816563,33.80059691946436
2027-06-02 00:00:00+00:00,9200.98083905497,33.68696467929929
2027-06-03 00:00:00+00:00,6954.447333471047,33.5747395241301
2027-06-04 00:00:00+00:00,4437.23259743734,33.464032728946826
2027-06-05 00:00:00+00:00,1769.193415485626,33.354957662579885
2027-06-06 00:00:00+00:00,1095.4696170735945,33.247628560040255
2027-06-07 00:00:00+00:00,3762.3352600476705,33.14215870917438
2027-06-08 00:00:00+00:00,6329.12751625274,33.03865839833987
2027-06-09 00:00:00+00:00,8661.48411907771,32.937233133633356
2027-06-10 00:00:00+00:00,10660.351431303248,32.837982392259775
2027-06-11 00:00:00+00:00,12237.174886180926,32.74099918275431
2027-06-12 00:00:00+00:00,13320.965941862965,32.646370184687
2027-06-13 00:00:00+00:00,13865.82060059903,32.55417632824933
2027-06-14 00:00:00+00:00,13853.075201404596,32.46449350532063
2027-06-15 00:00:00+00:00,13287.800500855603,32.37739331476732
2027-06-16 00:00:00+00:00,12193.393865415119,32.292943729368794
2027-06-17 00:00:00+00:00,10609.029411787018,32.21120969606061
2027-06-18 00:00:00+00:00,8591.50753523673,32.132253644486
2027-06-19 00:00:00+00:00,6218.868442432206,32.05613593201112
2027-06-20 00:00:00+00:00,3592.704538981755,31.982915226616655
2027-06-21 00:00:00+00:00,874.9894134942671,31.912648790109436
2027-06-22 00:00:00+00:00,2043.4578736604028,31.84539270552489
2027-06-23 00:00:00+00:00,4742.4814015933525,31.781202004223907
2027-06-24 00:00:00+00:00,7262.841453423218,31.72013074934357
2027-06-25 00:00:00+00:00,9496.91859182629,31.662232074146896
2027-06-26 00:00:00+00:00,11353.463958811824,31.60755822290258
2027-06-27 00:00:00+00:00,12751.003513934158,31.556160662153577
2027-06-28 00:00:00+00:00,13623.509590193877,31.508090244909827
2027-06-29 00:00:00+00:00,13928.774963300737,31.463397516806662
2027-06-30 00:00:00+00:00,13653.92782378547,31.422133142189995
2027-07-01 00:00:00+00:00,12814.60778891554,31.384348353307146
2027-07-02 00:00:00+00:00,11449.172361609115,31.35009530235867
2027-07-03 00:00:00+00:00,9612.71282313138,31.319427137230857
2027-07-04 00:00:00+00:00,7374.884668162739,31.292397462272504
2027-07-05 00:00:00+00:00,4821.912166262706,31.26905911481284
2027-07-06 00:00:00+00:00,2059.91081464351,31.24946234510577
2027-07-07 00:00:00+00:00,817.7279101926636,31.233652825237574
2027-07-08 00:00:00+00:00,3628.0428762937345,31.221669997791135
2027-07-09 00:00:00+00:00,6289.941349321747,31.213546131774915
2027-07-10 00:00:00+00:00,8683.799653494,31.20930612863594
2027-07-11 00:00:00+00:00,10714.311224927449,31.20896791103833
2027-07-12 00:00:00+00:00,12301.095992288521,31.212543089466877
2027-07-13 00:00:00+00:00,13377.182126913498,31.220037693010802
2027-07-14 00:00:00+00:00,13891.55297183911,31.231452792181653
2027-07-15 00:00:00+00:00,13815.517540329147,31.246785056947832
2027-07-16 00:00:00+00:00,13149.067074405157,31.26602713425244
2027-07-17 00:00:00+00:00,11922.76231001047,31.289167987257418
2027-07-18 00:00:00+00:00,10193.561449086543,31.316193168477845
2027-07-19 00:00:00+00:00,8037.374116359475,31.347085073221468
2027-07-20 00:00:00+00:00,5543.181154467628,31.38182315488828
2027-07-21 00:00:00+00:00,2812.4650765555944,31.420384154502347
2027-07-22 00:00:00+00:00,231.04958853047114,31.462742271962263
2027-07-23 00:00:00+00:00,2939.809846784183,31.508869356518684
2027-07-24 00:00:00+00:00,5686.166749246545,31.5587350659426
2027-07-25 00:00:00+00:00,8190.186504781159,31.612307046973186
2027-07-26 00:00:00+00:00,10338.549586818506,31.66955116306651
2027-07-27 00:00:00+00:00,12039.608549672708,31.73043179236357
2027-07-28 00:00:00+00:00,13223.779742225708,31.79491224134403
2027-07-29 00:00:00+00:00,13842.295049211449,31.862955263045418
2027-07-30 00:00:00+00:00,13866.611722439224,31.934523621515837
2027-07-31 00:00:00+00:00,13290.607153888759,32.00958056296796
2027-08-01 00:00:00+00:00,12134.53342051772,32.0880899846391
2027-08-02 00:00:00+00:00,10447.542489277332,32.170016015216675
2027-08-03 00:00:00+00:00,8306.198648793905,32.25532193791358
2027-08-04 00:00:00+00:00,5809.309979485072,32.343968565254755
2027-08-05 00:00:00+00:00,3075.3459225029237,32.435912449352514
2027-08-06 00:00:00+00:00,481.77066218201645,32.5311044643658
2027-08-07 00:00:00+00:00,2763.691590095384,32.62948901263306
2027-08-08 00:00:00+00:00,5519.293072223681,32.73100393146542
2027-08-09 00:00:00+00:00,8053.435823655182,32.835580855494705
2027-08-10 00:00:00+00:00,10242.753545525034,32.9431458128069
2027-08-11 00:00:00+00:00,11985.537332031821,33.05361984151293
2027-08-12 00:00:00+00:00,13201.731829196893,33.16691951165206
2027-08-13 00:00:00+00:00,13836.512706081821,33.282957335037516
2027-08-14 00:00:00+00:00,13861.915368294225,33.40164205792354
2027-08-15 00:00:00+00:00,13276.666167764182,33.52287887682382
2027-08-16 00:00:00+00:00,12105.265100105908,33.6465696526114
2027-08-17 00:00:00+00:00,10396.961107891815,33.77261305873154
2027-08-18 00:00:00+00:00,8224.52636761903,33.900904803676404
2027-08-19 00:00:00+00:00,5682.371116914049,34.03133785494779
2027-08-20 00:00:00+00:00,2884.2870070846125,34.16380269757961
2027-08-21 00:00:00+00:00,190.45484225317537,34.29818762223563
2027-08-22 00:00:00+00:00,2991.5214345905283,34.434379037791814
2027-08-23 00:00:00+00:00,5785.299159203758,34.57226182154633
2027-08-24 00:00:00+00:00,8319.413088333304,34.71171972322216
2027-08-25 00:00:00+00:00,10479.991967580278,34.852635839978596
2027-08-26 00:00:00+00:00,12172.62489474169,34.99489319176261
2027-08-27 00:00:00+00:00,13323.653636251267,35.13837539020678
2027-08-28 00:00:00+00:00,13881.137564566105,35.282967337573886
2027-08-29 00:00:00+00:00,13816.553275817436,35.42855582264966
2027-08-30 00:00:00+00:00,13127.848253900358,35.57502977892502
2027-08-31 00:00:00+00:00,11842.690197823069,35.72228001688516
2027-09-01 00:00:00+00:00,10019.543477882135,35.870198275084135
2027-09-02 00:00:00+00:00,7744.686177291753,36.01867579916419
2027-09-03 00:00:00+00:00,5125.7668111489265,36.167601770876246
2027-09-04 00:00:00+00:00,2290.759207410726,36.31686203100253
2027-09-05 00:00:00+00:00,794.7672521775743,36.46633833465973
2027-09-06 00:00:00+00:00,3652.8220898051136,36.615908207369316
2027-09-07 00:00:00+00:00,6424.849062629948,36.765445218908226
2027-09-08 00:00:00+00:00,8916.940042357557,36.91481948948592
2027-09-09 00:00:00+00:00,11002.051306342884,37.06389821939062
2027-09-10 00:00:00+00:00,12575.592476718957,37.21254616428456
2027-09-11 00:00:00+00:00,13563.27824491628,37.3606260026873
2027-09-12 00:00:00+00:00,13924.610894133592,37.507998605304564
2027-09-13 00:00:00+00:00,13649.531170616274,37.65452322997563
2027-09-14 00:00:00+00:00,12752.30225238746,37.800057684969325
2027-09-15 00:00:00+00:00,11268.348654250909,37.94445849511179
2027-09-16 00:00:00+00:00,9256.522541798755,38.08758112930391
2027-09-17 00:00:00+00:00,6804.149573127985,38.229280297872954
2027-09-18 00:00:00+00:00,4030.1839210958956,38.3694103325085
2027-09-19 00:00:00+00:00,1109.2979957161924,38.50782569481107
2027-09-20 00:00:00+00:00,1998.2510974581994,38.64438156594046
2027-09-21 00:00:00+00:00,4882.366994578583,38.778934511413624
2027-09-22 00:00:00+00:00,7551.288370204502,38.911343229321176
2027-09-23 00:00:00+00:00,9877.837097222942,39.04146935527088
2027-09-24 00:00:00+00:00,11756.593876892233,39.169178330803824
2027-09-25 00:00:00+00:00,13094.022068673303,39.29434028658613
2027-09-26 00:00:00+00:00,13814.692425627143,39.41683089294566
2027-09-27 00:00:00+00:00,13873.25605680279,39.536532002599316
2027-09-28 00:00:00+00:00,13264.31801738544,39.65333192565689
2027-09-29 00:00:00+00:00,12023.384801644941,39.76712515145594
2027-09-30 00:00:00+00:00,10218.416351010614,39.877811480629475
2027-10-01 00:00:00+00:00,7938.2371466052955,39.98529471660605
2027-10-02 00:00:00+00:00,5285.648038108753,40.08948126124598
2027-10-03 00:00:00+00:00,2383.2699658866004,40.19027889769019
2027-10-04 00:00:00+00:00,775.3781491120142,40.287596070467906
2027-10-05 00:00:00+00:00,3735.838821247451,40.38134167404017
2027-10-06 00:00:00+00:00,6584.372729907907,40.47142523644145
2027-10-07 00:00:00+00:00,9114.827235844316,40.55775732057715
2027-10-08 00:00:00+00:00,11196.375169947301,40.64024999184281
2027-10-09 00:00:00+00:00,12731.05174032272,40.71881722408807
2027-10-10 00:00:00+00:00,13651.855721529766,40.79337523112832
2027-10-11 00:00:00+00:00,13918.220147621385,40.86384265347785
2027-10-12 00:00:00+00:00,13513.493775749097,40.93014066434265
2027-10-13 00:00:00+00:00,12447.600463020552,40.9921930094254
2027-10-14 00:00:00+00:00,10763.155923525297,41.049926052119744
2027-10-15 00:00:00+00:00,8539.59675731008,41.1032688781854
2027-10-16 00:00:00+00:00,5890.864538524434,41.152153543490954
2027-10-17 00:00:00+00:00,2959.0187467013334,41.196515522210824
2027-10-18 00:00:00+00:00,361.364769396072,41.23629435487387
2027-10-19 00:00:00+00:00,3229.3081367017894,41.27143452334511
2027-10-20 00:00:00+00:00,6134.037348564561,41.301886458731495
2027-10-21 00:00:00+00:00,8746.166553654943,41.327607595324146
2027-10-22 00:00:00+00:00,10932.224989632314,41.34856339040503
2027-10-23 00:00:00+00:00,12578.65002098285,41.36472823833975
2027-10-24 00:00:00+00:00,13597.093169597883,41.37608623786126
2027-10-25 00:00:00+00:00,13931.34312184356,41.382631664708
2027-10-26 00:00:00+00:00,13561.69602899152,41.384369172211535
2027-10-27 00:00:00+00:00,12505.940100001644,41.38131355065857
2027-10-28 00:00:00+00:00,10817.722598839035,41.37348900790911
2027-10-29 00:00:00+00:00,8583.383176081472,41.36092801191451
2027-10-30 00:00:00+00:00,5918.313134893133,41.343669883688364
2027-10-31 00:00:00+00:00,2969.366291729163,41.32175930970691
2027-11-01 00:00:00+00:00,567.5094941773651,41.295245054921914
2027-11-02 00:00:00+00:00,3364.2821351050266,41.264179078632836
2027-11-03 00:00:00+00:00,6301.746964702328,41.22861599326779
2027-11-04 00:00:00+00:00,8937.09186642696,41.18861282805424
2027-11-05 00:00:00+00:00,11120.26255326591,41.14422906713776
2027-11-06 00:00:00+00:00,12730.052367269649,41.095526757819776
2027-11-07 00:00:00+00:00,13677.292896028279,41.04257055486021
2027-11-08 00:00:00+00:00,13911.124576903598,40.98542766470373
2027-11-09 00:00:00+00:00,13421.318946089244,40.924167702831745
2027-11-10 00:00:00+00:00,12235.776198204328,40.8588623861997
2027-11-11 00:00:00+00:00,10415.40864767648,40.78958514518589
2027-11-12 00:00:00+00:00,8049.785728639957,40.71641072316265
2027-11-13 00:00:00+00:00,5255.079487237973,40.63941487358831
2027-11-14 00:00:00+00:00,2173.714040354178,40.558674274644915
2027-11-15 00:00:00+00:00,1045.765257028697,40.474266781547534
2027-11-16 00:00:00+00:00,4200.297288227603,40.38627210400817
2027-11-17 00:00:00+00:00,7135.821307878254,40.29477287969905
2027-11-18 00:00:00+00:00,9687.996100960085,40.19985593753204
2027-11-19 00:00:00+00:00,11721.068088980546,40.1016135725023
2027-11-20 00:00:00+00:00,13129.722996990771,40.000144545501314
2027-11-21 00:00:00+00:00,13840.780737958863,39.89555474665241
2027-11-22 00:00:00+00:00,13814.306412556,39.78795739856579
2027-11-23 00:00:00+00:00,13045.941671660714,39.677472846721166
2027-11-24 00:00:00+00:00,11570.023434676044,39.56422803983562
2027-11-25 00:00:00+00:00,9461.29497427232,39.4483556918662
2027-11-26 00:00:00+00:00,6833.247069140257,39.32999326364623
2027-11-27 00:00:00+00:00,3833.9786366351273,39.20928172217823
2027-11-28 00:00:00+00:00,702.258628126135,39.08636425428199
2027-11-29 00:00:00+00:00,2670.9424757328393,38.9613850131311
2027-11-30 00:00:00+00:00,5756.491340948883,38.8344880112886
2027-12-01 00:00:00+00:00,8535.627676392623,38.705816274145576
2027-12-02 00:00:00+00:00,10851.329119599195,38.57551123455869
2027-12-03 00:00:00+00:00,12578.189441220127,38.443712395815375
2027-12-04 00:00:00+00:00,13621.441791649318,38.310557173849254
2027-12-05 00:00:00+00:00,13919.742972535516,38.176180769028484
2027-12-06 00:00:00+00:00,13449.244163383537,38.04071609514428
2027-12-07 00:00:00+00:00,12228.504185319105,37.90429361095644
2027-12-08 00:00:00+00:00,10322.131519680723,37.76704103868607
2027-12-09 00:00:00+00:00,7840.184281624581,37.62908297404287
2027-12-10 00:00:00+00:00,4933.143937274235,37.49054033783114
2027-12-11 00:00:00+00:00,1813.0954376444804,37.351529827180855
2027-12-12 00:00:00+00:00,1675.6206575138704,37.212163421396454
2027-12-13 00:00:00+00:00,4789.751823130813,37.07254818253932
2027-12-14 00:00:00+00:00,7707.521383377157,36.9327865762785
2027-12-15 00:00:00+00:00,10217.362397763423,36.7929773841523
2027-12-16 00:00:00+00:00,12166.31290789656,36.65321723839623
2027-12-17 00:00:00+00:00,13430.423865049792,36.51360243668603
2027-12-18 00:00:00+00:00,13926.330888100352,36.374230629116965
2027-12-19 00:00:00+00:00,13622.466821321166,36.23520201511632
2027-12-20 00:00:00+00:00,12541.628641948195,36.09661986314078
2027-12-21 00:00:00+00:00,10754.095079042268,35.95859040423515
2027-12-22 00:00:00+00:00,8366.573216789122,35.82122224061966
2027-12-23 00:00:00+00:00,5514.612921337666,35.68462558868699
2027-12-24 00:00:00+00:00,2376.221922787028,35.54891136993093
2027-12-25 00:00:00+00:00,1167.6809707072675,35.41419033292773
2027-12-26 00:00:00+00:00,4330.739297964214,35.2805721870356
2027-12-27 00:00:00+00:00,7351.124348629249,35.148164781353366
2027-12-28 00:00:00+00:00,9959.164227432002,35.01707334306707
2027-12-29 00:00:00+00:00,11992.81976877272,34.88739983264327
2027-12-30 00:00:00+00:00,13332.961906232129,34.75924236912643
2027-12-31 00:00:00+00:00,13903.717718169011,34.63269482604831
2028-01-01 00:00:00+00:00,13672.705189198987,34.50784655733125
2028-01-02 00:00:00+00:00,12651.552479066599,34.38478220656054
2028-01-03 00:00:00+00:00,10896.846607745116,34.26358162093942
2028-01-04 00:00:00+00:00,8509.330377793305,34.14431974115733
2028-01-05 00:00:00+00:00,5629.3057952558165,34.02706647903199
2028-01-06 00:00:00+00:00,2435.1682721420393,33.91188644958444
2028-01-07 00:00:00+00:00,1038.2040795201215,33.79883864249174
2028-01-08 00:00:00+00:00,4285.444043422265,33.687975830371165
2028-01-09 00:00:00+00:00,7347.139554503502,33.57934397605582
2028-01-10 00:00:00+00:00,9988.605631847242,33.4729816496717
2028-01-11 00:00:00+00:00,12041.447437826342,33.368919741910645
2028-01-12 00:00:00+00:00,13375.333371819008,33.26718170814425
2028-01-13 00:00:00+00:00,13909.611394348216,33.167784694839064
2028-01-14 00:00:00+00:00,13618.693527755415,33.070741344377325
2028-01-15 00:00:00+00:00,12527.94042796352,32.976062025176056
2028-01-16 00:00:00+00:00,10704.2983139134,32.88375688232022
2028-01-17 00:00:00+00:00,8248.801610690372,32.79383718857611
2028-01-18 00:00:00+00:00,5294.884005425955,32.70631585544085
2028-01-19 00:00:00+00:00,2012.8040023429467,32.6212071801713
2028-01-20 00:00:00+00:00,1437.7751053984327,32.538526192357715
2028-01-21 00:00:00+00:00,4773.957748100232,32.45828785308193
2028-01-22 00:00:00+00:00,7826.0396213647555,32.38050629841955
2028-01-23 00:00:00+00:00,10396.120396456374,32.305194155532675
2028-01-24 00:00:00+00:00,12331.98264627352,32.23236206587595
2028-01-25 00:00:00+00:00,13525.947014433674,32.1620181928919
2028-01-26 00:00:00+00:00,13913.041764985779,32.09416788606073
2028-01-27 00:00:00+00:00,13469.181381969302,32.02881331834994
2028-01-28 00:00:00+00:00,12213.10219515233,31.965953187871534
2028-01-29 00:00:00+00:00,10210.921467265467,31.905582470151295
2028-01-30 00:00:00+00:00,7578.270739540611,31.847692201443053
2028-01-31 00:00:00+00:00,4475.445033190639,31.792269316847516
2028-02-01 00:00:00+00:00,1095.77627653741,31.739296525957183
2028-02-02 00:00:00+00:00,2353.3895443817937,31.688752193480955
2028-02-03 00:00:00+00:00,5655.883254759825,31.64061019459828
2028-02-04 00:00:00+00:00,8610.670740355146,31.594839685683272
2028-02-05 00:00:00+00:00,11035.620908411805,31.551404720488062
2028-02-06 00:00:00+00:00,12780.757532772433,31.510263713955084
2028-02-07 00:00:00+00:00,13738.696745447445,31.471368764163735
2028-02-08 00:00:00+00:00,13851.88283081757,31.434665017690858
2028-02-09 00:00:00+00:00,13114.515780821162,31.400090228867466
2028-02-10 00:00:00+00:00,11570.086682550098,31.367575010592137
2028-02-11 00:00:00+00:00,9307.602736287221,31.33704389730471
2028-02-12 00:00:00+00:00,6458.702458153778,31.308417313091564
2028-02-13 00:00:00+00:00,3194.876528986709,31.281614008963334
2028-02-14 00:00:00+00:00,290.40025817383844,31.256553344911204
2028-02-15 00:00:00+00:00,3742.90305065667,31.233156817465836
2028-02-16 00:00:00+00:00,6964.358825051721,31.211348691649736
2028-02-17 00:00:00+00:00,9740.394039811481,31.19105586887962
2028-02-18 00:00:00+00:00,11899.651949131325,31.17220730599106
2028-02-19 00:00:00+00:00,13313.933702141114,31.154733367270616
2028-02-20 00:00:00+00:00,13900.11993564976,31.1385652029475
2028-02-21 00:00:00+00:00,13620.654557453698,31.12363431640783
2028-02-22 00:00:00+00:00,12485.740258219246,31.109872253966365
2028-02-23 00:00:00+00:00,10556.953124039534,31.097210427634405
2028-02-24 00:00:00+00:00,7948.947334351712,31.085579960108635
2028-02-25 00:00:00+00:00,4825.655742436107,31.074911603928612
2028-02-26 00:00:00+00:00,1391.6495797430034,31.06513559783277
2028-02-27 00:00:00+00:00,2142.2779539655994,31.056181542571142
2028-02-28 00:00:00+00:00,5525.6791445918,31.04797823813053
2028-02-29 00:00:00+00:00,8551.596661619882,31.040453520985352
2028-03-01 00:00:00+00:00,11026.86078306547,31.03353408469673
2028-03-02 00:00:00+00:00,12796.649542713112,31.02714525286645
2028-03-03 00:00:00+00:00,13751.666825675704,31.021210768682707
2028-03-04 00:00:00+00:00,13832.540632287875,31.01565248983457
2028-03-05 00:00:00+00:00,13031.532799673028,31.01038992170517
2028-03-06 00:00:00+00:00,11393.177816986556,31.005339611725876
2028-03-07 00:00:00+00:00,9014.318172862511,31.000414441143114
2028-03-08 00:00:00+00:00,6042.34523142402,30.995522925938417
2028-03-09 00:00:00+00:00,2669.417783459996,30.990568824268124
2028-03-10 00:00:00+00:00,888.8035254080688,30.985451339488776
2028-03-11 00:00:00+00:00,4377.399201898664,30.9800662445227
2028-03-12 00:00:00+00:00,7578.535153677738,30.974307839810123
2028-03-13 00:00:00+00:00,10281.290886804498,30.968071429965335
2028-03-14 00:00:00+00:00,12313.781751518385,30.961255625296882
2028-03-15 00:00:00+00:00,13547.962642208706,30.95376396822886
2028-03-16 00:00:00+00:00,13904.577702685252,30.94550567485632
2028-03-17 00:00:00+00:00,13357.430482746433,30.936395649374834
2028-03-18 00:00:00+00:00,11936.662118910877,30.926354064705414
2028-03-19 00:00:00+00:00,9729.220296278889,30.915305812659135
2028-03-20 00:00:00+00:00,6874.9790813055,30.90318000642844
2028-03-21 00:00:00+00:00,3558.616229282802,30.889909624621968
2028-03-22 00:00:00+00:00,22.730335585035636,30.875431305455038
2028-03-23 00:00:00+00:00,3568.004523984488,30.85968524831616
2028-03-24 00:00:00+00:00,6897.931507899426,30.842615191575035
2028-03-25 00:00:00+00:00,9764.497831805971,30.824168391681578
2028-03-26 00:00:00+00:00,11974.397956806395,30.804295571377185
2028-03-27 00:00:00+00:00,13383.858931760096,30.782950796346714
2028-03-28 00:00:00+00:00,13906.757285926218,30.760091272118498
2028-03-29 00:00:00+00:00,13514.862665875582,30.73567703775209
2028-03-30 00:00:00+00:00,12233.92065681753,30.709670588806258
2028-03-31 00:00:00+00:00,10140.523897573112,30.68203641295673
2028-04-01 00:00:00+00:00,7361.822012435148,30.65274047792981
2028-04-02 00:00:00+00:00,4075.5060167951096,30.62174963840447
2028-04-03 00:00:00+00:00,523.7142591594213,30.58903092435266
2028-04-04 00:00:00+00:00,3122.060905877998,30.55455079784281
2028-04-05 00:00:00+00:00,6518.763756045957,30.518274384720968
2028-04-06 00:00:00+00:00,9467.719372697149,30.480164821687957
2028-04-07 00:00:00+00:00,11770.883132630104,30.440182976002742
2028-04-08 00:00:00+00:00,13278.542350351196,30.398287788317678
2028-04-09 00:00:00+00:00,13892.95632341052,30.354437400951788
2028-04-10 00:00:00+00:00,13571.869800848814,30.308591000093394
2028-04-11 00:00:00+00:00,12332.834292589228,30.260710980939304
2028-04-12 00:00:00+00:00,10255.80052553829,30.210764943496148
2028-04-13 00:00:00+00:00,7480.203976702777,30.158727078992396
2028-04-14 00:00:00+00:00,4196.938925876972,30.104578836986178
2028-04-15 00:00:00+00:00,711.6690693009325,30.04830894724636
2028-04-16 00:00:00+00:00,3061.9587674923323,29.98991305637863
2028-04-17 00:00:00+00:00,6484.71169637024,29.929393203077105
2028-04-18 00:00:00+00:00,9478.205631107357,29.86675732660779
2028-04-19 00:00:00+00:00,11818.17910613603,29.802018886027987
2028-04-20 00:00:00+00:00,13331.8654428505,29.73519661436769
2028-04-21 00:00:00+00:00,13911.883593424045,29.666314384280803
2028-04-22 00:00:00+00:00,13525.151515991905,29.595401157167466
2028-04-23 00:00:00+00:00,12209.574865452229,29.522490930655014
2028-04-24 00:00:00+00:00,10062.68390656904,29.447622655159556
2028-04-25 00:00:00+00:00,7230.896768089735,29.37084002255621
2028-04-26 00:00:00+00:00,3910.1478149141885,29.29219109387964
2028-04-27 00:00:00+00:00,675.9201196628276,29.211727735041936
2028-04-28 00:00:00+00:00,3493.04301713224,29.129504888881083
2028-04-29 00:00:00+00:00,6897.989011127082,29.04557968454236
2028-04-30 00:00:00+00:00,9840.739555280643,28.960010483460476
2028-05-01 00:00:00+00:00,12090.061942075507,28.872855890089106
2028-05-02 00:00:00+00:00,13482.954797795306,28.784173820379504
2028-05-03 00:00:00+00:00,13923.214435912485,28.694020628658325
2028-05-04 00:00:00+00:00,13382.139794864459,28.60245042770528
2028-05-05 00:00:00+00:00,11898.149076396343,28.50951470668926
2028-05-06 00:00:00+00:00,9576.328779777063,28.41526234217086
2028-05-07 00:00:00+00:00,6586.9401454934105,28.319740155456845
2028-05-08 00:00:00+00:00,3175.427975869803,28.222993994621156
2028-05-09 00:00:00+00:00,1010.8312081866169,28.125070246326317
2028-05-10 00:00:00+00:00,4320.729808670132,28.026017455145965
2028-05-11 00:00:00+00:00,7627.165997249838,27.92588777235655
2028-05-12 00:00:00+00:00,10426.089405618015,27.824737923227268
2028-05-13 00:00:00+00:00,12498.691748489373,27.7226296895535
2028-05-14 00:00:00+00:00,13681.283229169472,27.619629889465394
2028-05-15 00:00:00+00:00,13873.146319187124,27.515810111178123
2028-05-16 00:00:00+00:00,13051.270048066526,27.411246271845854
2028-05-17 00:00:00+00:00,11277.297887634495,27.306018191486107
2028-05-18 00:00:00+00:00,8691.44878047817,27.20020925385708
2028-05-19 00:00:00+00:00,5498.805126465334,27.093906182160005
2028-05-20 00:00:00+00:00,2001.815002762321,26.987198936441672
2028-05-21 00:00:00+00:00,2028.0353511238097,26.880180691698616
2028-05-22 00:00:00+00:00,5523.21615468044,26.772947853787922
2028-05-23 00:00:00+00:00,8708.380614415579,26.665600015899212
2028-05-24 00:00:00+00:00,11284.15830367297,26.55823975748907
2028-05-25 00:00:00+00:00,13049.48359665963,26.450972215712632
2028-05-26 00:00:00+00:00,13867.035660106218,26.343904338474243
2028-05-27 00:00:00+00:00,13670.934377282547,26.237143847826946
2028-05-28 00:00:00+00:00,12470.376875573194,26.130798001713877
2028-05-29 00:00:00+00:00,10348.307644597737,26.0249722778271
2028-05-30 00:00:00+00:00,7457.2147710645895,25.91976917420252
2028-05-31 00:00:00+00:00,4014.171207260935,25.815287231801218
2028-06-01 00:00:00+00:00,478.7414999158213,25.711620396966122
2028-06-02 00:00:00+00:00,3551.095215294073,25.60885773707133
2028-06-03 00:00:00+00:00,7036.237127579508,25.507083474801874
2028-06-04 00:00:00+00:00,10001.24931294857,25.40637741844802
2028-06-05 00:00:00+00:00,12226.496541716928,25.30681565605228
2028-06-06 00:00:00+00:00,13553.913188009363,25.208471558099163
2028-06-07 00:00:00+00:00,13888.360363719245,25.11141685541464
2028-06-08 00:00:00+00:00,13201.11741668849,25.015722753010838
2028-06-09 00:00:00+00:00,11533.875022495937,24.921460850050817
2028-06-10 00:00:00+00:00,9000.851067827469,24.828703798391405
2028-06-11 00:00:00+00:00,5785.291889764089,24.73752564081435
2028-06-12 00:00:00+00:00,2130.390206667366,24.648001873055826
2028-06-13 00:00:00+00:00,1713.983596717508,24.56020930400342
2028-06-14 00:00:00+00:00,5406.531422358808,24.474225832696423
2028-06-15 00:00:00+00:00,8695.244873878804,24.390130183476533
2028-06-16 00:00:00+00:00,11324.012113046,24.30800174351048
2028-06-17 00:00:00+00:00,13093.531102376695,24.227920463109193
2028-06-18 00:00:00+00:00,13873.069775240143,24.14996688230189
2028-06-19 00:00:00+00:00,13609.473564470292,24.07422226281504
2028-06-20 00:00:00+00:00,12328.691291750412,24.000768751387067
2028-06-21 00:00:00+00:00,10130.921558444323,23.92968950281865
2028-06-22 00:00:00+00:00,7183.119815340881,23.86106864224104
2028-06-23 00:00:00+00:00,3720.75406946488,23.794990874494765
2028-06-24 00:00:00+00:00,759.052438579918,23.73154069129227
2028-06-25 00:00:00+00:00,3989.790294024965,23.670801146268396
2028-06-26 00:00:00+00:00,7451.852991884764,23.61285236646117
2028-06-27 00:00:00+00:00,10378.285583648476,23.55777003976707
2028-06-28 00:00:00+00:00,12522.360426949122,23.505624181811232
2028-06-29 00:00:00+00:00,13710.591088493493,23.456478322638976
2028-06-30 00:00:00+00:00,13846.67302789277,23.41038924391206
