date,distance,beta_angle_sun,derived_beta_angle_sun,sma,inc,ecc,raan,aop,lv
2025-06-01 00:00:00+00:00,1000.7220485027864,59.10498577524074,59.24307031951423,6978276.999499996,97.7532,7.165046334023377e-11,167.272,2.0106368119324013e-06,-2.0106368115891585e-06
2025-06-02 00:00:00+00:00,999.7479351138969,58.987652869952896,59.124329174720216,6978275.656424684,97.75320176582774,7.194361619896381e-05,168.25121598919253,-181.51760194013247,136.2386163069359
2025-06-03 00:00:00+00:00,998.5854853261549,58.87670092144377,59.01198637804751,6978274.335363781,97.75320356641676,0.00014382878939656784,169.23043278749947,-183.16846764969094,92.61202711559487
2025-06-04 00:00:00+00:00,999.7031317120653,58.77215722298872,58.906069603327424,6978273.043140744,97.75320538188475,0.00021559530136515634,170.20965036735157,-184.82025758307176,48.987863988453505
2025-06-05 00:00:00+00:00,1001.0630844557136,58.6740472426887,58.806604718730625,6978271.769175603,97.75320722628155,0.0002871810363706943,171.1888686885846,173.52757060293803,5.365555972927477
2025-06-06 00:00:00+00:00,1000.1136133686202,58.5823946810441,58.71361579432048,6978270.488010508,97.75320909297666,0.00035853100032227924,172.16808773357855,171.8756586222459,-38.255545089970475
2025-06-07 00:00:00+00:00,998.7576311664575,58.49722146542362,58.62712514011476,6978269.226999322,97.75321098322365,0.00042958512841905725,173.1473074755693,170.22401747948922,-81.87545177298969
2025-06-08 00:00:00+00:00,999.4362726333013,58.418547800459734,58.54715332809033,6978267.971807837,97.75321288412778,0.0005002843558781629,174.12652788669618,168.57256159812826,-125.49410162914174
2025-06-09 00:00:00+00:00,1000.3238986497031,58.34639216097709,58.47371922273938,6978266.731181628,97.75321481396033,0.0005705701698536663,175.10574893296325,166.9209929990735,-169.11119989018715
2025-06-10 00:00:00+00:00,999.3098667299747,58.28077138974378,58.40684005025964,6978265.510312372,97.75321676303736,0.0006403845334355657,176.08497058974461,-194.73059670564527,147.2731315537587
2025-06-11 00:00:00+00:00,998.5289930885947,58.22170070790366,58.34653141604574,6978264.273030108,97.75321872417915,0.000709671492694842,177.0641928412843,-196.38197083250873,103.65866427729352
2025-06-12 00:00:00+00:00,1000.1293731514533,58.169193727451045,58.292807350079705,6978263.044891322,97.75322070986218,0.0007783683313607628,178.04341565904755,-198.033544477408,60.0458096430269
2025-06-13 00:00:00+00:00,1001.6999504806417,58.12326248659915,58.245680296268105,6978261.822128182,97.75322270710983,0.0008464225034838312,179.02263902053198,160.31513476392448,16.434114002948554
2025-06-14 00:00:00+00:00,1000.7007399331782,58.083917367866405,58.20516107243409,6978260.601737048,97.75322471841942,0.0009137776870308441,180.00186291186807,158.66377932171451,-27.176145235052825
2025-06-15 00:00:00+00:00,999.1821455833797,58.051167036226836,58.171258811801934,6978259.414042797,97.75322674219824,0.0009803790572171676,180.98108730404286,157.01241175093807,-70.78500544215551
2025-06-16 00:00:00+00:00,999.5449231124322,58.02501829786341,58.143980829966964,6978258.20599709,97.75322877228385,0.001046171012957556,181.96031218135454,155.36126461567315,-114.39271008713963
2025-06-17 00:00:00+00:00,1000.0088780875587,58.00547590815149,58.123332439816544,6978257.0186641235,97.75323081006268,0.0011110969182264352,182.93953751657995,153.71006026641174,-157.99898096109663
2025-06-18 00:00:00+00:00,998.8057277050157,57.99254233213148,58.109316731448764,6978255.842702682,97.75323285828968,0.0011751024387748003,183.91876329745097,-207.94121650970865,158.39618084718293
2025-06-19 00:00:00+00:00,998.2787679113779,57.98621746650212,58.10193429285704,6978254.678098866,97.75323491033782,0.001238135734612471,184.89798949549711,-209.59219120764405,114.79238582029905
2025-06-20 00:00:00+00:00,1000.3166342623471,57.98649826142613,58.10118287620244,6978253.51583951,97.75323697160444,0.0013001443779230718,185.87721609600968,-211.24322642729334,71.18999107736134
2025-06-21 00:00:00+00:00,1002.1778405787762,57.99337835655631,58.10705699304645,6978252.3556920085,97.75323903378552,0.0013610773319525451,186.85644308664413,147.10576379737878,27.58890161048671
2025-06-22 00:00:00+00:00,1001.2980319092568,58.006847661496714,58.119547555487884,6978251.196689955,97.75324109802337,0.0014208839303061988,187.83567046425605,145.45481202637302,-16.010912062791554
2025-06-23 00:00:00+00:00,999.7748426324932,58.02689205475765,58.138641533285735,6978250.055535146,97.75324315720788,0.0014795171878923615,188.81489820702666,143.8039191672221,-59.60946579426363
2025-06-24 00:00:00+00:00,999.8887607076006,58.05349317918777,58.16432177930496,6978248.899920826,97.75324521424737,0.0015369238507622737,189.79412631756827,142.15318430704437,-103.2068522919998
2025-06-25 00:00:00+00:00,999.8943761884442,58.0866285329385,58.19656706675252,6978247.774311577,97.7532472692249,0.0015930590633568306,190.77335477212503,140.5023821078954,-146.80286371696926
2025-06-26 00:00:00+00:00,998.3883149746573,58.12627177650583,58.235352376016706,6978246.642575393,97.75324932380724,0.0016478728764749134,191.75258356002095,-221.14834668987746,169.60235320315627
2025-06-27 00:00:00+00:00,997.9671288609313,58.17239327247481,58.280649389060905,6978245.52801175,97.75325135933022,0.0017013239399238434,192.73181268052284,-222.79904753132215,126.0088282303011
2025-06-28 00:00:00+00:00,1000.3382580749762,58.22496062846423,58.33242704850322,6978244.401056588,97.75325338821837,0.0017533661885201068,193.71104212979043,-224.4496557371162,82.41650521454457
2025-06-29 00:00:00+00:00,1002.4967441619463,58.2839392755933,58.390652061413896,6978243.279535754,97.75325540584207,0.0018039536566784276,194.6902719031391,133.89976030493898,38.82544917854409
2025-06-30 00:00:00+00:00,1001.8548499050862,58.3492928374943,58.455289302361834,6978242.162450718,97.75325741001453,0.0018530473602930714,195.6695019989633,132.24925139734853,-4.764396591130464
2025-07-01 00:00:00+00:00,1000.4788918662985,58.4209833565615,58.52630201902423,6978241.072584265,97.75325940188544,0.0019006063503175347,196.6487324189598,130.59873978874214,-48.35297262953445
2025-07-02 00:00:00+00:00,1000.4506729494192,58.498971392159014,58.603651938928486,6978240.121763966,97.7532613945867,0.0019465884062740248,197.62796312014356,128.9482078947784,-91.94035212116499
2025-07-03 00:00:00+00:00,1000.0118426731141,58.583216070975794,58.687299341649684,6978239.17686946,97.75326336754956,0.001990959984534865,198.60719407880552,127.2977868890911,-135.5267512532671
2025-07-04 00:00:00+00:00,998.1205216839663,58.67367502450578,58.77720298898904,6978238.231527066,97.75326532034686,0.0020336793081584693,199.58642529361427,125.64735401609904,-179.11205340145372
2025-07-05 00:00:00+00:00,997.6503098519416,58.770304410731754,58.87332016370313,6978237.297381948,97.75326725229375,0.0020747122095031794,200.5656567712892,-236.00304149353585,137.3036851947895
2025-07-06 00:00:00+00:00,1000.2015654901815,58.87305894859567,58.97560669781017,6978236.367735363,97.75326915622375,0.002114026572007319,201.54488852200615,-237.65333153888062,93.7203915443918
2025-07-07 00:00:00+00:00,1002.6006678462948,58.981891963134316,59.08401703399789,6978235.441844125,97.75327103779924,0.002151587573430277,202.5241205526006,120.69637121600394,50.13817259647716
2025-07-08 00:00:00+00:00,1002.2616339536476,59.09675550427693,59.19850432471572,6978234.517789921,97.75327288950486,0.0021873640521217377,203.50335287000397,119.04615610003681,6.556934874532645
2025-07-09 00:00:00+00:00,1001.1710560819223,59.217600421195876,59.319020530658904,6978233.605641577,97.75327471524095,0.002221325122828687,204.48258548570055,117.3959515817851,-37.02325869114483
2025-07-10 00:00:00+00:00,1001.1411652762491,59.3443764863935,59.445516521128184,6978232.681226043,97.75327650750482,0.0022534430269402304,205.46181842031118,115.74579282799006,-80.60244046644044
2025-07-11 00:00:00+00:00,1000.3445261279477,59.477032420178126,59.57794212154196,6978231.758286806,97.75327826852462,0.0022836901933794957,206.44105168257042,114.09570303874351,-124.1806280017304
2025-07-12 00:00:00+00:00,998.0541742394702,59.615515870745426,59.716246091911174,6978230.835440247,97.75327999335637,0.0023120444671711556,207.4202852965714,112.44567152637565,-167.75781425142173
2025-07-13 00:00:00+00:00,997.4187121789612,59.75977326391318,59.860375992347386,6978229.911192833,97.75328168566504,0.002338477101548757,208.3995192726388,-249.20438865291842,148.66608718310937
2025-07-14 00:00:00+00:00,999.9919736185557,59.90974955227093,60.01027794193448,6978228.990841625,97.75328334043856,0.002362969088710493,209.37875363820697,-250.85441596369392,105.09101692691675
2025-07-15 00:00:00+00:00,1002.5234200848284,60.065387829828325,60.16589624682392,6978228.067151151,97.75328495749476,0.0023855008195436418,210.35798841415266,107.49562238375088,61.51694185112626
2025-07-16 00:00:00+00:00,1002.4928286114434,60.226628869205186,60.32717296270392,6978227.143241348,97.75328653496328,0.002406052187283945,211.33722361993176,105.84568874550679,17.94390064251177
2025-07-17 00:00:00+00:00,1001.796958428017,60.39341059207464,60.4940473808743,6978226.224885047,97.75328807331591,0.0024246053908420565,212.3164592773095,104.19576049546893,-25.62808869514181
2025-07-18 00:00:00+00:00,1001.9201827024482,60.565667530031384,60.66645550574745,6978225.295368694,97.75328957075918,0.002441144504853705,213.2956954131525,102.54584272311581,-69.19902479984778
2025-07-19 00:00:00+00:00,1000.8982491381952,60.74333030266163,60.84432954322396,6978224.353445207,97.75329102312607,0.00245565680211429,214.27493206212424,100.89598681122351,-112.76894386462588
2025-07-20 00:00:00+00:00,998.2519804157118,60.92632516013467,61.02759745761897,6978223.425425619,97.75329243076331,0.002468131187804043,215.25416924556862,99.24611272160567,-156.33776987322588
2025-07-21 00:00:00+00:00,997.3727763700718,61.11457365033503,61.21618264563507,6978222.503453776,97.7532937972425,0.002478555480216966,216.23340698068563,-262.40377542786507,160.09447762289466
2025-07-22 00:00:00+00:00,999.8074484644842,61.30799248341416,61.41000378167988,6978221.571369986,97.75329511531856,0.0024869217795643987,217.21264530181494,-264.05367287184106,116.52780155322404
2025-07-23 00:00:00+00:00,1002.3167549375552,61.50649361652222,61.60897491534407,6978220.637468388,97.75329638649403,0.002493222208652876,218.19188423925848,94.29643079877746,72.9621954814979
2025-07-24 00:00:00+00:00,1002.5197440985297,61.70998462598892,61.81300581722706,6978219.7030156385,97.75329761078306,0.002497452085570818,219.17112382241916,92.64652536527814,29.3976712568833
2025-07-25 00:00:00+00:00,1002.2492688354059,61.91836930693681,62.022002548936,6978218.775419203,97.75329878406556,0.0024996075919042284,220.1503640784264,90.99661807495478,-14.165781538483882
2025-07-26 00:00:00+00:00,1002.6455931639664,62.13154835724551,62.23586813446783,6978217.837958335,97.75329990718363,0.0024996867341963297,221.12960504425524,89.34666117695514,-57.72811243620361
2025-07-27 00:00:00+00:00,1001.5514987200979,62.349420091345884,62.45450324638159,6978216.885326859,97.75330097568757,0.002497690446054363,222.10884675349484,87.69673456353752,-101.28938456682536
2025-07-28 00:00:00+00:00,998.6516308237881,62.57188099013357,62.67780675209032,6978215.929638765,97.75330198959469,0.0024936203928645163,223.08808924025098,86.0467438849939,-144.84949795528058
2025-07-29 00:00:00+00:00,997.5143515887962,62.79882608049199,62.90567608000817,6978214.973229664,97.7533029452814,0.0024874777802873812,224.0673325386197,-275.6032597493299,171.5914983539167
2025-07-30 00:00:00+00:00,999.6844698386175,63.030149107865995,63.138007407787626,6978214.031381065,97.75330384676066,0.0024792688392969203,225.04657667679209,-277.2533710626428,128.03369196388226
2025-07-31 00:00:00+00:00,1002.0067140596649,63.265742590006624,63.37469570730634,6978213.090765283,97.75330468629421,0.0024690020666558042,226.0258216945541,81.09649950641632,84.47698657303576
2025-08-01 00:00:00+00:00,1002.3215602227206,63.50549776156868,63.615634699966805,6978212.135258492,97.75330546151085,0.00245668396645762,227.0050676234503,79.44631140317914,40.92142799653366
2025-08-02 00:00:00+00:00,1002.4494063620913,63.74930451701527,63.86071681225274,6978211.109227114,97.75330616026258,0.0024423217151784745,227.98431451755843,77.7961319593779,-2.6330013937567447
2025-08-03 00:00:00+00:00,1003.2024877843882,63.99705134583995,64.10983311299269,6978210.062308664,97.75330678398389,0.0024259314013276214,228.963562449834,76.14587930198759,-46.186166130784414
2025-08-04 00:00:00+00:00,1002.197338737585,64.24862537047738,64.36287336087845,6978209.014171848,97.75330732885628,0.002407525892506546,229.94281146044017,74.4955833582986,-89.73807900053879
2025-08-05 00:00:00+00:00,999.1977094586599,64.50391240259607,64.6197260560017,6978207.978219487,97.75330779173552,0.0023871226710321007,230.9220615906458,72.84518370203538,-133.28869898884957
2025-08-06 00:00:00+00:00,997.8641882754199,64.76279707621255,64.88027857316065,6978206.940107979,97.75330815668111,0.0023647375718716768,231.90131289336162,71.194719354528,-176.83806040711247
2025-08-07 00:00:00+00:00,999.7150160229353,65.02516297556653,65.14441729646757,6978205.876960454,97.75330841153902,0.002340387897268813,232.88056544065716,-290.4558284735141,139.6138686849655
2025-08-08 00:00:00+00:00,1001.7172043208976,65.290892762954,65.41202774166918,6978204.838179406,97.75330853846549,0.0023140943817813223,233.8598193112628,67.893576977972,96.06704954552346
2025-08-09 00:00:00+00:00,1001.999338492017,65.55986819312209,65.6829945853768,6978203.781339428,97.75330849923142,0.002285879177363057,234.83907464373857,66.24290692312691,52.52150947926957
2025-08-10 00:00:00+00:00,1002.4376568649956,65.83196992362201,65.95720147868062,6978202.717199082,97.75330820463924,0.00225576264987208,235.81833175919655,64.59221231210114,8.977212472589901
2025-08-11 00:00:00+00:00,1003.5708772294183,66.10707709495443,66.23453062206835,6978201.624963136,97.75330755868676,0.0022237666948614846,236.7975909708826,62.94158579358343,-34.56591245813648
2025-08-12 00:00:00+00:00,1002.7903704677303,66.38506658536144,66.51486210346775,6978200.548605465,97.75330689229712,0.002189929788049695,237.77685103916,61.29075192280785,-78.10758580041315
2025-08-13 00:00:00+00:00,999.8641217451652,66.665812111862,66.79807296525232,6978199.45840047,97.75330620650955,0.002154278939307051,238.7561119696764,59.63967154971184,-121.64777327724886
2025-08-14 00:00:00+00:00,998.4498135259976,66.94918314590163,67.08403617510035,6978198.380680779,97.75330550404995,0.002116843570320271,239.73537377742048,57.98842815899894,-165.18655456307968
2025-08-15 00:00:00+00:00,999.9919109083987,67.23504387084716,67.37261960900317,6978197.292415914,97.75330478632476,0.0020776549000929984,240.7146364713205,-303.66306937994716,151.2761669860113
2025-08-16 00:00:00+00:00,1001.5838515929773,67.52325226347394,67.66368514079639,6978196.199767402,97.75330405207184,0.002036745731515579,241.69390006341732,54.68516584015971,107.74040833146218
2025-08-17 00:00:00+00:00,1001.6830948192858,67.81365937439148,67.95708794918508,6978195.104897878,97.75330330542712,0.001994150191814431,242.673164568081,53.03317587229945,64.20613073740455
2025-08-18 00:00:00+00:00,1002.2937840332461,68.10610886332013,68.25267604301592,6978193.98978856,97.75330254391103,0.00194990193922572,243.65242999258442,51.38091232029132,20.673397256917806
2025-08-19 00:00:00+00:00,1003.7597260798393,68.40043673234415,68.55028999948414,6978192.890845911,97.75330177692196,0.001904043335665223,244.6316963449327,49.72834982466625,-22.8577676422848
2025-08-20 00:00:00+00:00,1003.2815093548875,68.69647132298562,68.84976295264832,6978191.7680976195,97.75330099962643,0.001856606941891243,245.61096363568234,48.07553352075095,-66.38739774431164
2025-08-21 00:00:00+00:00,1000.5873462065343,68.9940334651372,69.15092072311685,6978190.646055548,97.75330022253189,0.0018076362017090642,246.59023186396155,46.422283306483486,-109.91531089906604
2025-08-22 00:00:00+00:00,999.2447282304103,69.29293683661207,69.45358213577943,6978189.53715245,97.75329944443267,0.0017571718488263155,247.56950103497292,44.76869145488567,-153.44160000932024
2025-08-23 00:00:00+00:00,1000.553970573169,69.59298839900472,69.75755947118108,6978188.401214932,97.75329866370635,0.001705255197511011,248.54877115420436,-316.88530705761644,163.033808312712
2025-08-24 00:00:00+00:00,1001.7078385408462,69.89398886125748,70.06265886081357,6978187.265869161,97.75329788497933,0.0016519296717572044,249.52804221830036,41.46017581109744,119.51103880119987
2025-08-25 00:00:00+00:00,1001.5030058089496,70.1957330752539,70.3686806803693,6978186.115357479,97.75329710945287,0.0015972384801953726,250.50731423563244,39.80518675939425,75.9900542168221
2025-08-26 00:00:00+00:00,1002.1243572442163,70.49801030020458,70.67541978284075,6978184.947428562,97.75329633641793,0.0015412274318539355,251.486587210145,38.14967357854205,32.47092608785564
2025-08-27 00:00:00+00:00,1003.8086571287787,70.80060423930149,70.98266549926174,6978183.7934573,97.75329557506161,0.001483946329709138,252.46586113345256,36.49352898039148,-11.046240494649775
2025-08-28 00:00:00+00:00,1003.634820413276,71.103292942065,71.29020152965998,6978182.629111537,97.75329482611906,0.0014254416317194517,253.4451360011157,34.836692247163725,-54.56138121891542
2025-08-29 00:00:00+00:00,1001.2821829751495,71.40584853319842,71.59780562802422,6978181.467880491,97.75329408533842,0.0013657605072905578,254.42441180607796,33.17907883965088,-98.07441272965374
2025-08-30 00:00:00+00:00,1000.1619616186276,71.70803684306644,71.9052492155207,6978180.297537754,97.75329335673784,0.001304953536097368,255.4036885406769,31.520602542980782,-141.58524211261044
2025-08-31 00:00:00+00:00,1001.3583550154556,72.00961702912655,72.21229697048183,6978179.121041056,97.75329264572174,0.001243071443508902,256.382966197359,-330.138936966599,174.90634220553264
2025-09-01 00:00:00+00:00,1002.10868996168,72.3103412246074,72.51870639428473,6978177.92752425,97.75329195047411,0.001180165569123852,257.36224477335304,28.20036012636471,131.4004506267412
2025-09-02 00:00:00+00:00,1001.5221133569786,72.60995425040534,72.82422749992179,6978176.752902064,97.75329127288563,0.001116288389023435,258.3415242522574,26.538277173557358,87.89729945502386
2025-09-03 00:00:00+00:00,1001.9948236415017,72.90819342284838,73.12860254181022,6978175.540408164,97.75329061403926,0.0010514923598416068,259.3208046297401,24.874571627556236,44.39714348806598
2025-09-04 00:00:00+00:00,1003.7418610648829,73.20478847686437,73.43156583871406,6978174.33855085,97.75328997658373,0.0009858334666959867,260.30008588971606,23.208913217949178,0.9003243857736675
2025-09-05 00:00:00+00:00,1003.8071710880644,73.49946154414593,73.73284367028546,6978173.118300111,97.75328935840298,0.0009193630969411465,261.27936802445276,21.540877281183878,-42.59272159834565
2025-09-06 00:00:00+00:00,1001.851457542873,73.79192710202882,74.03215412364936,6978171.914530097,97.75328877363152,0.0008521411132307251,262.25865101271427,19.869856842504078,-86.08139799300434
2025-09-07 00:00:00+00:00,1001.0931624346125,74.08189178772193,74.32920676338847,6978170.692256892,97.75328821626354,0.0007842199585387569,263.2379348390053,18.1950673813362,-129.56491154370124
2025-09-08 00:00:00+00:00,1002.336038806771,74.36905382483212,74.6237019532996,6978169.455297897,97.75328767977462,0.0007156566279780724,264.2172194983736,16.515489456341523,-173.0422189761707
2025-09-09 00:00:00+00:00,1002.7921004305977,74.65310198388984,74.91532966834,6978168.218671195,97.7532871763001,0.0006465085673023751,265.19650496645136,14.829512534654446,143.48829175755404
2025-09-10 00:00:00+00:00,1001.8234941491075,74.93371406046526,75.20376782239214,6978166.967020636,97.75328670147444,0.0005768342573558736,266.1757912316716,13.134745869979012,100.02902290635598
2025-09-11 00:00:00+00:00,1002.0339841126895,75.21055498068111,75.48868020667547,6978165.719149285,97.75328626019416,0.0005066901625495895,267.1550782732089,11.427633490958346,56.58353587853141
2025-09-12 00:00:00+00:00,1003.6815308946253,75.4832749388902,75.76971441517291,6978164.457399612,97.75328584671486,0.00043613441752634046,268.1343660712623,9.70212079405931,13.157889011037097
2025-09-13 00:00:00+00:00,1003.8646036646154,75.75150782338227,76.04650008342563,6978163.188714571,97.75328546781293,0.00036522778865877824,269.1136546087562,7.947116362862783,-30.236810637956747
2025-09-14 00:00:00+00:00,1002.282611605984,76.01487028731974,76.3186476554281,6978161.920704577,97.75328512461786,0.0002940287721083212,270.092943868961,6.141677607471939,-73.57962189310727
2025-09-15 00:00:00+00:00,1001.9666232023559,76.27296149176263,76.58574783277145,6978160.631915091,97.75328480888638,0.00022259653542959675,271.0722338323849,4.236847482188073,-116.82157196266328
2025-09-16 00:00:00+00:00,1003.4058533544084,76.52536346449634,76.84737163038619,6978159.324109722,97.7532845243828,0.0001509969705513811,272.05152448526013,2.0911137844744956,-159.82112403151294
2025-09-17 00:00:00+00:00,1003.7127514951524,76.77164204434159,77.10307095052731,6978158.018210007,97.75328427767927,7.931242796256593e-05,273.0308158051579,-0.9497998551447819,158.07600465891105
2025-09-18 00:00:00+00:00,1002.4203107831364,77.01134828079013,77.35237962726828,6978156.724371674,97.75328406930913,8.449011998465913e-06,274.0101077643978,-28.28215911060002,140.26607213951536
2025-09-19 00:00:00+00:00,1002.302244016447,77.24402024813615,77.59481490743664,6978155.413201062,97.75328389356068,6.449834977277223e-05,274.98940034459156,182.26504205643346,-115.42192417400585
2025-09-20 00:00:00+00:00,1003.6946122553331,77.46918529482973,77.82987935207404,6978154.085007404,97.75328374883887,0.0001361599920236411,275.9686935278909,178.7196934063655,-157.01585440157962
2025-09-21 00:00:00+00:00,1003.8328983999567,77.68636273379819,78.05706325031726,6978152.753200092,97.75328364132424,0.0002077464840531266,276.9479872968186,-183.51923241570765,160.08532370952955
2025-09-22 00:00:00+00:00,1002.5293242521468,77.89506700012674,78.27584750687501,6978151.419080727,97.75328356656651,0.00027916208050668184,277.9272816269551,-185.45665173085618,116.88652450869556
2025-09-23 00:00:00+00:00,1002.6710944457528,78.09481120958014,78.4857070584634,6978150.071543421,97.7532835251884,0.00035034263665354527,278.90657649933956,-187.2774687730845,73.57266442423484
2025-09-24 00:00:00+00:00,1004.4320000695684,78.2851111643895,78.68611480847906,6978148.72006433,97.7532835181713,0.0004212276381809664,279.88587189631,-189.0411338847019,30.20320465377824
2025-09-25 00:00:00+00:00,1004.7649164793546,78.46548975644069,78.87654610308482,6978147.355023578,97.75328354281454,0.000491758371156609,280.86516780030524,169.22769472418784,-13.197189327137101
2025-09-26 00:00:00+00:00,1003.2750325992033,78.63548174381819,79.05648372600349,6978145.983846471,97.75328359964963,0.0005618740499835179,281.8444641919341,167.51643761022427,-56.61592354401977
2025-09-27 00:00:00+00:00,1002.8356629015072,78.79463891035418,79.22542345398723,6978144.601701136,97.75328368424975,0.0006315170197861136,282.82376105523036,165.81844556733975,-100.04634259141908
2025-09-28 00:00:00+00:00,1003.8688539927236,78.94253554087186,79.38288013992225,6978143.225755988,97.75328380128164,0.0007006289166060863,283.8030583678155,164.129695912028,-143.4844194758889
2025-09-29 00:00:00+00:00,1003.803480432704,79.07877422656412,79.52839429201597,6978141.816522182,97.7532839412589,0.0007691551322883177,284.7823561175243,-197.55237984119182,173.07243315996004
2025-09-30 00:00:00+00:00,1002.6364160746999,79.20299189419845,79.66153912168689,6978140.420830016,97.75328411228169,0.0008370352996371438,285.76165428424434,-199.22941351537358,129.62585326654568
2025-10-01 00:00:00+00:00,1003.1805344500431,79.31486598021993,79.7819278857121,6978139.015946803,97.75328431121959,0.000904215231002244,286.74095285272233,-200.90268133545487,86.17711884119956
2025-10-02 00:00:00+00:00,1005.3291653284622,79.41412058261055,79.88922140497348,6978137.566682355,97.75328452985791,0.0009706388275930433,287.72025181733045,-202.5728791731351,42.72695592238195
2025-10-03 00:00:00+00:00,1005.8466386848544,79.500532407707,79.98313545058645,6978136.082024556,97.75328476885153,0.0010362518471542454,288.69955118080827,155.75934548312804,-0.7239444927066697
2025-10-04 00:00:00+00:00,1004.3212247912313,79.57393626964874,80.06344773535122,6978134.594014617,97.75328503148063,0.0011010015877228915,289.6788509315255,154.09355346408876,-44.17512114367567
2025-10-05 00:00:00+00:00,1003.6418270682913,79.6342297248113,80.13000406651489,6978133.100622345,97.75328531507974,0.001164832217754162,290.65815106070033,152.429236745936,-87.6260578960818
2025-10-06 00:00:00+00:00,1004.2830985733024,79.68137646499163,80.1827231092311,6978131.581567807,97.7532856122724,0.001227690038320421,291.6374515619524,150.76620173676736,-131.07654798186
2025-10-07 00:00:00+00:00,1003.8870102233806,79.7154080306532,80.22159930173233,6978130.0632809065,97.75328592508292,0.0012895243910485074,292.6167524247568,149.10430725103453,-174.52643116033585
2025-10-08 00:00:00+00:00,1002.6937806786794,79.73642354425917,80.24670352667358,6978128.539667193,97.75328625466514,0.0013502827014358456,293.5960536377,-212.55664913084803,142.02449339421923
2025-10-09 00:00:00+00:00,1003.5190992030481,79.74458746523543,80.25818151710634,6978127.003503714,97.75328660060708,0.0014099175672873127,294.57535520149577,-214.21686214883388,98.5764372385523
2025-10-10 00:00:00+00:00,1006.0519676939895,79.74012581650997,80.25625036879507,6978125.4631293,97.753286959243,0.0014683759097000072,295.55465710173667,-215.87642376415883,55.12949845264586
2025-10-11 00:00:00+00:00,1006.8769260057044,79.7233214400679,80.24119379225263,6978123.931743565,97.75328732832791,0.0015256128280062712,296.53395933420603,142.46468775074428,11.683651207539187
2025-10-12 00:00:00+00:00,1005.4900836765231,79.69450898642447,80.21335670897349,6978122.3872096855,97.75328770426724,0.0015815787222456025,297.51326188898486,140.8062456050153,-31.76087544277846
2025-10-13 00:00:00+00:00,1004.7021717369194,79.65406989689691,80.17313961295262,6978120.828151185,97.753288085357,0.001636228539451191,298.4925647705999,139.1482762162175,-75.20408763398513
2025-10-14 00:00:00+00:00,1004.9878406105972,79.60242749215968,80.1209927411224,6978119.267188083,97.7532884716013,0.0016895158742395377,299.47186797905977,137.49064339038674,-118.64584737904997
2025-10-15 00:00:00+00:00,1004.1872942247634,79.54004198640062,80.05741003499006,6978117.701175783,97.75328885418774,0.0017413972621528118,300.45117151061675,135.8333946685815,-162.08619263983772
2025-10-16 00:00:00+00:00,1002.8115390402338,79.46740533827662,79.98292277155036,6978116.128255918,97.75328923976038,0.001791827694767289,301.4304753642975,-225.82355802590058,154.47496772990075
2025-10-17 00:00:00+00:00,1003.7577846769802,79.3850359270965,79.89809301995008,6978114.5427728165,97.7532896287489,0.001840770173384226,302.4097795529493,-227.48031833410553,111.03775549961466
2025-10-18 00:00:00+00:00,1006.5988261411399,79.29347318519453,79.8035069620543,6978112.948069227,97.7532900087101,0.0018881783574641897,303.3890840742925,-229.13683361392168,67.60212326872576
2025-10-19 00:00:00+00:00,1007.7806024480224,79.19327223833449,79.69976838968596,6978111.343764585,97.75329038214984,0.0019340193710167758,304.36838894037714,129.20687372016894,24.168108750864075
2025-10-20 00:00:00+00:00,1006.6739839794224,79.08499879488348,79.58749244923862,6978109.743260366,97.75329075297778,0.0019782503673623124,305.3476941605724,127.55073036268053,-19.26421101439409
2025-10-21 00:00:00+00:00,1005.9360354454692,78.96922435000317,79.46729988397817,6978108.129053532,97.75329110867807,0.0020208375558694995,306.32699973692206,125.894727496009,-62.694822896937566
2025-10-22 00:00:00+00:00,1005.9611730572515,78.84652180502762,79.33981181312153,6978106.529079265,97.75329145586876,0.0020617429420962154,307.30630567478255,124.23888435489769,-106.12375115474529
2025-10-23 00:00:00+00:00,1004.7387056364043,78.71746154663097,79.20564513246936,6978104.917316897,97.75329178991343,0.0021009353767998604,308.28561198318204,122.5831656839378,-149.55095575440382
2025-10-24 00:00:00+00:00,1003.0445167564336,78.58260802078418,79.06540854758585,6978103.313102619,97.7532921047078,0.002138380678371844,309.2649186722848,-239.07233807334225,167.0234697526897
2025-10-25 00:00:00+00:00,1003.9178656533779,78.44251679226713,78.91969925668035,6978101.710999446,97.75329240486525,0.002174046578129401,310.24422574986966,-240.72781223968266,123.59971181052184
2025-10-26 00:00:00+00:00,1006.9160489323632,78.2977320550211,78.76910015579637,6978100.106855859,97.75329269093616,0.0022079061347664835,311.22353323081506,-242.38321628129322,80.17772832387537
2025-10-27 00:00:00+00:00,1008.4224782368342,78.14878461694809,78.61417772803408,6978098.4891422065,97.7532929500392,0.0022399301669855085,312.20284112971433,115.96135614742974,36.75762113665221
2025-10-28 00:00:00+00:00,1007.6871893726579,77.99619032984482,78.45548035798456,6978096.842071898,97.75329319009221,0.0022700954033649046,313.1821494740562,114.30598504513723,-6.660666055289252
2025-10-29 00:00:00+00:00,1007.1617230784699,77.84044895818167,78.29353725958113,6978095.211424978,97.75329340446224,0.0022983734585605943,314.16145827893223,112.65065413879897,-50.07711551263177
2025-10-30 00:00:00+00:00,1007.089248241682,77.68204346303979,78.12885778693267,6978093.594700532,97.75329359552488,0.0023247395773543316,315.14076754952436,110.99534742143615,-93.49172212779584
2025-10-31 00:00:00+00:00,1005.5268089963133,77.52143964652281,77.96193124313025,6978091.973111004,97.75329375795633,0.0023491738194769793,316.12007730589653,109.340011677955,-136.90443757659256
2025-11-01 00:00:00+00:00,1003.4697247105717,77.35908620542752,77.79322704929498,6978090.35873511,97.75329389689051,0.00237165679000696,317.0993875690776,-252.31520166970483,179.68458835265233
2025-11-02 00:00:00+00:00,1004.128958507655,77.19541502970034,77.62319521938325,6978088.654745742,97.75329399261057,0.002392167039969035,318.0786983678009,-253.97041941879314,136.27552184007124
2025-11-03 00:00:00+00:00,1007.1295277006088,77.03084170376836,77.45226704134093,6978086.890647306,97.7532940564488,0.0024106949117854025,319.0580097644595,-255.62564312790056,92.86845569767061
2025-11-04 00:00:00+00:00,1008.8780908347975,76.8657660118924,77.28085573476389,6978085.1321602855,97.75329408407502,0.002427218751448113,320.0373217972044,102.71911832298039,49.463429538175866
2025-11-05 00:00:00+00:00,1008.5473714842049,76.70057220876593,77.10935693814216,6978083.360628147,97.75329407813179,0.002441729053028375,321.01663447654977,101.06380153909114,6.060507817130696
2025-11-06 00:00:00+00:00,1008.3679208830032,76.5356288481145,76.93814877928978,6978081.612063219,97.75329403974568,0.0024542085391547853,321.99594783130783,99.40852782283763,-37.340435272269374
2025-11-07 00:00:00+00:00,1008.3762149552991,76.37128829593215,76.76759153979815,6978079.852082549,97.75329397127257,0.0024646543440403506,322.97526187996294,97.753139805064,-80.73924900602421
2025-11-08 00:00:00+00:00,1006.609158833813,76.20788603594106,76.59802726457845,6978078.095881617,97.75329386302901,0.002473050116218392,323.9545766493145,96.09764925113613,-124.13594063052379
2025-11-09 00:00:00+00:00,1004.2072730324111,76.0457402207785,76.4297794805886,6978076.356877879,97.75329372836146,0.0024793942088321822,324.93389215825505,94.44204768923781,-167.530507077555
2025-11-10 00:00:00+00:00,1004.5399324577918,75.88515162502381,76.26315338135836,6978074.61068112,97.75329354915748,0.002483678158600173,325.9132084106915,-267.21353326313493,149.0769048311367
2025-11-11 00:00:00+00:00,1007.36242695404,75.72640416417123,76.09843649423738,6978072.8638179535,97.75329333671323,0.0024859013385278,326.89252545095866,-268.86927450866324,105.68648409575448
2025-11-12 00:00:00+00:00,1009.1938482527546,75.56976585257215,75.93589969745183,6978071.140199108,97.75329308804804,0.0024860584528903873,327.87184328505214,89.47488511469554,62.2981597197709
2025-11-13 00:00:00+00:00,1009.2053608080846,75.41548988186725,75.77579849679965,6978069.399429311,97.75329279798207,0.002484153201077039,328.85116195186333,87.81897220987793,18.91189559734697
2025-11-14 00:00:00+00:00,1009.4401631683196,75.26381581363056,75.61837421513873,6978067.649090788,97.75329249134263,0.0024801934738809643,329.83048148524165,86.16292976319352,-24.472228749671427
2025-11-15 00:00:00+00:00,1009.6998627583927,75.11497057685717,75.46385510348536,6978065.91318329,97.75329214506799,0.002474172584792904,330.8098018805634,84.50663710683241,-67.85410164664574
2025-11-16 00:00:00+00:00,1007.9170200121561,74.96916937223038,75.3124573065908,6978064.177274878,97.75329176320055,0.0024661006714143414,331.7891231777149,82.85029244508327,-111.23392616865944
2025-11-17 00:00:00+00:00,1005.2724977010814,74.82661647159033,75.16438567629164,6978062.435794639,97.7532913536465,0.002455981738590256,332.76844539858837,81.19375306974011,-154.6115546824575
2025-11-18 00:00:00+00:00,1005.2478086264481,74.68750585746899,75.01983453987233,6978060.690405232,97.7532909031511,0.0024438229356113887,333.7477685621469,-280.46287236775834,162.01290180972978
2025-11-19 00:00:00+00:00,1007.7606716075928,74.55202185438866,74.87898829289456,6978058.977321971,97.7532904299542,0.002429640735653422,334.72709268655865,-282.1198817940076,118.63972845035836
2025-11-20 00:00:00+00:00,1009.5112278488451,74.42033961606599,74.74202199178445,6978057.280159825,97.7532899089313,0.0024134359391859354,335.70641778620967,76.22298526664456,75.2686362797671
2025-11-21 00:00:00+00:00,1009.7344675788123,74.29262569275397,74.60910186878101,6978055.571546205,97.75328936356587,0.0023952375733168854,336.6857438853255,74.5656737118187,31.89968464394824
2025-11-22 00:00:00+00:00,1010.3581727562157,74.16903846967436,74.48038591534127,6978053.872023686,97.75328879126553,0.0023750494884187986,337.66507098964087,72.90799191877412,-11.466942104638589
2025-11-23 00:00:00+00:00,1010.9719377080053,74.04972860341256,74.35602425983532,6978052.173461856,97.75328819183139,0.0023528984057531906,338.64439914586944,71.2500968475042,-54.83140300274425
2025-11-24 00:00:00+00:00,1009.344404185441,73.93483948622634,74.23615968628049,6978050.4715007115,97.75328755784864,0.0023287963511642914,339.6237283655432,69.59203497218445,-98.19374489197452
2025-11-25 00:00:00+00:00,1006.5976032654681,73.82450764290668,74.1209279850297,6978048.77817658,97.75328689896085,0.002302767991669733,340.6030586625854,67.93375522376911,-141.55391620475268
2025-11-26 00:00:00+00:00,1006.2579572884325,73.71886309907988,74.01045842921113,6978047.09611845,97.75328620903773,0.0022748259142962254,341.5823900364459,-293.7248524594665,175.08818118818866
2025-11-27 00:00:00+00:00,1008.3908953202853,73.6180297905538,73.90487408312397,6978045.414499925,97.75328551763553,0.0022450063275354032,342.56172250047706,-295.38390779712086,131.73265647047026
2025-11-28 00:00:00+00:00,1009.9031125887527,73.52212587465068,73.80429227951129,6978043.71366906,97.75328478967737,0.002213326946924885,343.54105610647497,62.95697538281826,88.37913509566906
2025-11-29 00:00:00+00:00,1010.1724117074157,73.4312643434555,73.70882501992732,6978042.039101069,97.75328404197411,0.0021798142268647765,344.5203908339336,61.29727626692543,45.028137370225416
2025-11-30 00:00:00+00:00,1011.0959974103439,73.34555343185217,73.61857957441322,6978040.362068176,97.75328328304542,0.002144498390944753,345.4997266979631,59.63710650671026,1.6795307973012266
2025-12-01 00:00:00+00:00,1012.1071187440684,73.26509721936814,73.5336589462227,6978038.695701802,97.75328250462046,0.0021074074564168535,346.4790637266009,57.97656548491296,-41.666785753272976
2025-12-02 00:00:00+00:00,1010.7879700944113,73.18999625984166,73.4541625257543,6978036.959570035,97.75328169844217,0.0020685676470444695,347.4584019340661,56.31574095781185,-85.0108608348458
2025-12-03 00:00:00+00:00,1008.1107856505562,73.12034809040902,73.38018658947988,6978035.209688409,97.7532808748664,0.00202801736043895,348.4377413607296,54.654474463508116,-128.35248656986116
2025-12-04 00:00:00+00:00,1007.5586185343133,73.0562475059316,73.31182459947286,6978033.476066779,97.75328003396079,0.0019857894022654032,349.41708199193414,52.99261585985517,-171.69152557031245
2025-12-05 00:00:00+00:00,1009.2988324883459,72.99778637544888,73.24916706083027,6978031.730813305,97.75327918622537,0.0019419158816830447,350.3964238559431,-308.66966596182954,144.97185887676557
2025-12-06 00:00:00+00:00,1010.4452458617997,72.94505307911099,73.1923009370434,6978029.996229173,97.75327833518473,0.0018964415408823966,351.375766931687,49.66722422026961,101.63806600909406
2025-12-07 00:00:00+00:00,1010.5627996343432,72.89813157390618,73.1413089341994,6978028.273678703,97.75327748295892,0.0018493978610600397,352.3551112376656,48.00345983405127,58.30691863463436
2025-12-08 00:00:00+00:00,1011.6061912659436,72.85710052304047,73.09626850907713,6978026.562009653,97.75327663787213,0.0018008279635840934,353.33445676028794,46.338882459171955,14.978561438109185
2025-12-09 00:00:00+00:00,1012.94729626659,72.82203257004282,73.057251338169,6978024.861850786,97.753275777714,0.0017507650625777603,354.3138035205233,44.67353015629465,-28.347063314594887
2025-12-10 00:00:00+00:00,1012.0046313703159,72.79299415085946,73.02432304056511,6978023.15437317,97.75327491888727,0.001699254942651904,355.2931515016974,43.00734129215284,-71.66989674599758
2025-12-11 00:00:00+00:00,1009.5497088134725,72.7700454769406,72.9975432087031,6978021.47350582,97.75327406133056,0.0016463423352434546,356.27250070656066,41.34010196246689,-114.98973458684914
2025-12-12 00:00:00+00:00,1008.9372916244897,72.75324086952384,72.97696567646209,6978019.790338606,97.75327323158724,0.0015920746982915812,357.25185110269086,39.67154278580017,-158.30631598518582
2025-12-13 00:00:00+00:00,1010.3654245295327,72.74262897777643,72.96263885109376,6978018.118727941,97.75327238616585,0.0015364841646843372,358.23120272107525,-321.9981379176683,158.38014378591498
2025-12-14 00:00:00+00:00,1011.1154247652122,72.7382533028588,72.95460603482738,6978016.469171309,97.75327155888226,0.0014796264302284548,359.21055552112995,36.330570561719995,115.07013139655014
2025-12-15 00:00:00+00:00,1010.9480686997593,72.74015231390896,72.95290566230356,6978014.819485342,97.75327074537377,0.0014215468102131456,0.1899095011662032,34.65774273822532,71.7635461206357
2025-12-16 00:00:00+00:00,1011.9524794137136,72.74835971263103,72.95757151019018,6978013.191160631,97.75326994089943,0.0013622908656772085,1.1692646438703234,32.9828049473154,28.460962652179784
2025-12-17 00:00:00+00:00,1013.5361590285072,72.76290456093841,72.96863285910051,6978011.571901743,97.7532691438713,0.0013019085349438267,2.1486209221620807,31.305661612606553,-14.83756120090509
2025-12-18 00:00:00+00:00,1013.012931506494,72.78381138088886,72.98611449952728,6978009.947664759,97.75326837373805,0.0012404558043724611,3.1279783607719045,29.62624780064557,-58.13194876478792
2025-12-19 00:00:00+00:00,1010.9347317531456,72.81110023516378,73.0100369033969,6978008.333491252,97.75326761508555,0.001177973928469151,4.1073369209060635,27.943882997431274,-101.42152989990095
2025-12-20 00:00:00+00:00,1010.458225404942,72.8447868451149,73.04041632011841,6978006.736065541,97.75326688075361,0.0011145257129426974,5.0866965772979125,26.25782925271424,-144.70558135888663
2025-12-21 00:00:00+00:00,1011.7383167905473,72.8848826481924,73.0772648088006,6978005.124421022,97.7532661597562,0.0010501512394322432,6.066057347759779,-335.4321203308495,172.0161105216214
2025-12-22 00:00:00+00:00,1012.1506682598905,72.9313950404697,73.12059043167422,6978003.531613873,97.75326547494106,0.000984914143600532,7.045419189388459,22.872808056017977,128.74477367131485
2025-12-23 00:00:00+00:00,1011.6141803429532,72.98432746574962,73.17039745371159,6978001.943913823,97.75326481516996,0.0009188686658884021,8.024782083056012,21.171536009551396,85.48146089049638
2025-12-24 00:00:00+00:00,1012.3982180189785,73.04367968919614,73.22668650808035,6978000.377666071,97.75326418331757,0.0008520642720659052,9.004146007248249,19.46232704372636,42.22789271996426
2025-12-25 00:00:00+00:00,1014.0396053915125,73.10944801673462,73.28945488532686,6977998.779006643,97.75326357235784,0.0007845523416542121,9.983510965597151,17.743948871226447,-1.0146844027314372
2025-12-26 00:00:00+00:00,1013.8405859876747,73.18162563252056,73.3586967663955,6977997.210522159,97.75326299335889,0.0007163962155199883,10.962876917824573,16.01266076906615,-44.24253231661283
2025-12-27 00:00:00+00:00,1012.1679451047415,73.26020287676974,73.43440352136007,6977995.6512766965,97.75326243992056,0.0006476467770674671,11.94224383066654,14.26457477704957,-87.45179249902158
2025-12-28 00:00:00+00:00,1011.9630447525911,73.34516767555154,73.51656417887662,6977994.1126665,97.75326193473659,0.000578372564259983,12.92161168192531,12.49360104220306,-130.63638273730112
2025-12-29 00:00:00+00:00,1013.2682644757006,73.43650591494755,73.60516576226513,6977992.589740299,97.75326144290973,0.0005086165006484402,13.900980458062755,10.689684535091349,-173.78627066453194
2025-12-30 00:00:00+00:00,1013.460255285973,73.53420207065074,73.70019378635277,6977991.0404912885,97.75326099452599,0.00043844768456795984,14.880350134071655,8.838278526136662,143.11309265061954
2025-12-31 00:00:00+00:00,1012.5477470583901,73.63823961625229,73.80163283679697,6977989.5342252385,97.75326057992697,0.00036792714074607266,15.859720672858243,6.909846371831159,100.09124944649496
2026-01-01 00:00:00+00:00,1012.9833413567401,73.7486014407857,73.90946685112048,6977987.980266415,97.75326020985386,0.00029711063748434884,16.83909207736167,4.8520745333342425,57.20050136983748
2026-01-02 00:00:00+00:00,1014.5115312188913,73.86526989556585,74.02367924012643,6977986.197152333,97.75325982437306,0.00022606566020271564,17.818464367647092,2.538261859111105,14.567707836979903
2026-01-03 00:00:00+00:00,1014.511708430984,73.98822666866259,74.14425273650976,6977984.406027723,97.75325948334213,0.0001548916290618469,18.797837583578286,-0.38247023939661123,-27.45610792298687
2026-01-04 00:00:00+00:00,1013.2312563562742,74.11745189926957,74.271168617953,6977982.627699716,97.75325917168301,8.379153326676847e-05,19.77721170112285,-5.459695139034659,-67.32137972628554
2026-01-05 00:00:00+00:00,1013.4138555586161,74.25292324072196,74.40440578646908,6977980.867916202,97.7532589050796,1.5877477127350782e-05,20.756586670003024,-42.75357952651299,-74.96797411363488
2026-01-06 00:00:00+00:00,1014.9468957884808,74.39461471724853,74.54393979242708,6977979.076250809,97.75325867106356,6.087909963231028e-05,21.735962506070592,-171.0798055346414,8.419822749045418
2026-01-07 00:00:00+00:00,1015.1159981236503,74.5424959601167,74.68974198707848,6977977.307230304,97.75325847234402,0.00013181094624825667,22.715339172105725,181.72434501392985,-29.320707753752867
2026-01-08 00:00:00+00:00,1013.923833624945,74.69653167930944,74.84177912680485,6977975.551994343,97.7532583095008,0.00020300316029487172,23.694716633971506,178.41285464860744,-70.9435668427827
2026-01-09 00:00:00+00:00,1013.9683314398004,74.85668150777022,75.00001318025203,6977973.819283072,97.75325818142387,0.0002741080499703737,24.674094844589032,175.96334903398548,-113.42641676736991
2026-01-10 00:00:00+00:00,1015.2341025681059,75.02290004807244,75.16440142508142,6977972.035382933,97.75325808997314,0.00034502679142388813,25.653473825060452,173.8406251818298,-156.2340340528641
2026-01-11 00:00:00+00:00,1015.2547473778634,75.19513707441872,75.3348965985452,6977970.275471311,97.7532580362037,0.0004156767125172201,26.632853534048945,-188.1215291166674,160.79982710784313
2026-01-12 00:00:00+00:00,1014.2445334752472,75.37333767282831,75.5114471171037,6977968.544034358,97.75325801173722,0.00048599456328711,27.6122339380434,-189.9931919191481,117.74520224684161
2026-01-13 00:00:00+00:00,1014.8043702279704,75.55744237785255,75.69399716306913,6977966.810700353,97.75325802098546,0.0005559176941144495,28.591615004918825,-191.8094784187334,74.63718898107254
2026-01-14 00:00:00+00:00,1016.6773728959413,75.74738719892858,75.88248675349426,6977965.068401962,97.75325807684955,0.0006253860645559091,29.570996717286242,-193.5894493755756,31.494859060364405
2026-01-15 00:00:00+00:00,1016.9969059691242,75.94310353108354,76.07685173201985,6977963.354524293,97.753258148709,0.0006943430452475472,30.550379054033584,164.65675612761177,-11.671661570453804
2026-01-16 00:00:00+00:00,1015.650592121945,76.14451813101657,76.27702369640718,6977961.637823205,97.75325825052435,0.0007627287264116753,31.52976198468352,162.92142604534013,-54.854674620491636
2026-01-17 00:00:00+00:00,1015.3014315099261,76.35155293279381,76.48292987470127,6977959.950615476,97.7532583900504,0.0008304858138815877,32.50914547403497,161.1999887466859,-98.04961726779074
2026-01-18 00:00:00+00:00,1016.1795051106881,76.56412486005556,76.69449307290624,6977958.241484097,97.75325855560152,0.0008975613129298519,33.48852952002054,159.48890853413673,-141.25297728063873
2026-01-19 00:00:00+00:00,1016.0263736875261,76.78214575372047,76.91163156442728,6977956.533306677,97.75325874625189,0.0009639048816453617,34.46791411338864,-202.2137188519813,175.53718231126788
2026-01-20 00:00:00+00:00,1015.1006473990429,77.0055222916793,77.1342590792644,6977954.826855717,97.75325895825654,0.0010294546872194389,35.44729922595714,-203.9096405563036,132.3225930568207
2026-01-21 00:00:00+00:00,1015.9450034812278,77.23415598628387,77.36228488645601,6977953.0885332925,97.75325919371313,0.0010941633119914496,36.42668485899069,-205.6002929384378,89.10471890007433
2026-01-22 00:00:00+00:00,1018.2195705529562,77.46794326998813,77.59561386579671,6977951.420264752,97.75325945092617,0.0011579609836485727,37.40607095277524,-207.28613869521214,45.883992124424125
2026-01-23 00:00:00+00:00,1018.8735526574636,77.70677558489065,77.83414678049672,6977949.730829655,97.75325972837327,0.001220808460992903,38.38545751777747,151.03165497984136,2.6615582845582018
2026-01-24 00:00:00+00:00,1017.5782481092266,77.9505395556557,78.07778043511976,6977948.037685197,97.75326002695957,0.0012826462193732578,39.36484452473059,149.3525259308155,-40.56201618311184
2026-01-25 00:00:00+00:00,1016.9596216102279,78.19911708453502,78.32640787731113,6977946.348580206,97.75326033848684,0.0013434319189169304,40.344231989681006,147.67631666045446,-83.78655132958805
2026-01-26 00:00:00+00:00,1017.4378103582586,78.45238547015936,78.57991864432456,6977944.651314335,97.75326065708457,0.0014031092087951216,41.3236198868119,146.00239590177813,-127.01143865378737
2026-01-27 00:00:00+00:00,1016.9800289255668,78.71021741969251,78.8381988485682,6977942.950483465,97.7532610000505,0.0014616259175869086,42.3030081980804,144.33037293217262,-170.23626839074174
2026-01-28 00:00:00+00:00,1015.9512164723143,78.9724808634138,79.10113119579893,6977941.271412554,97.75326134576113,0.0015189358445704168,43.282396914000806,-217.33976145675274,146.53894539704743
2026-01-29 00:00:00+00:00,1016.9361113831741,79.2390386774265,79.36859484878602,6977939.582630531,97.7532617010018,0.0015749958551423446,44.26178603671391,-219.00831625740682,103.31451698122468
2026-01-30 00:00:00+00:00,1019.5872381115117,79.5097479828958,79.64046495063059,6977937.931941685,97.7532620682069,0.0016297465546832653,45.24117553274228,-220.67539780177495,60.0905357375692
2026-01-31 00:00:00+00:00,1020.6846291696534,79.78445895003996,79.91661176170552,6977936.261032996,97.7532624411608,0.001683153229443471,46.22056541394099,137.65867462442574,16.8673168405123
2026-02-01 00:00:00+00:00,1019.6249679879865,80.06301304604028,80.1968992123684,6977934.543785497,97.75326281905978,0.001735179126816924,47.19995570558403,135.99380837889774,-26.35502056039376
2026-02-02 00:00:00+00:00,1018.8995888873228,80.34524065827951,80.48118301313457,6977933.1192468535,97.75326322817777,0.0017857646097589684,48.17934632764712,134.3298948492561,-69.57650120476235
2026-02-03 00:00:00+00:00,1019.0449612502983,80.63095800924333,80.76930802383784,6977931.714906948,97.75326363705724,0.001834872215631693,49.15873720744669,132.66694258379104,-112.79731361766912
2026-02-04 00:00:00+00:00,1018.2191209088446,80.91996378209937,81.0611055404251,6977930.316879427,97.7532640442151,0.001882461091411517,50.13812833659541,131.0047762688643,-156.01730776796717
2026-02-05 00:00:00+00:00,1016.9112487141082,81.21203533145926,81.35639018249097,6977928.912230915,97.75326443947979,0.0019284924900662712,51.117519724722285,-230.6565256672782,160.76343728732746
2026-02-06 00:00:00+00:00,1017.8288335617082,81.50692459592067,81.65495659100908,6977927.516346771,97.75326483350848,0.0019729275806224266,52.09691137351649,-232.31716618095783,117.54514210430959
2026-02-07 00:00:00+00:00,1020.7236897778329,81.80435340761375,81.95657565362997,6977926.108147092,97.75326521668042,0.0020157323596263522,53.07630329286734,-233.9771047782546,74.32775908111975
2026-02-08 00:00:00+00:00,1022.2743866853964,82.1040080534939,82.26099012365981,6977924.669202079,97.75326558993946,0.0020568700199456104,54.05569549914445,124.36351990857486,31.111447578974982
2026-02-09 00:00:00+00:00,1021.5854442506717,82.40553257528222,82.56790912719603,6977923.249617178,97.75326594147789,0.0020963031494546404,55.03508799799678,122.70477832095816,-12.10385720497489
2026-02-10 00:00:00+00:00,1020.9434017051532,82.70852043035579,82.87700124270245,6977921.804930027,97.7532662844342,0.0021340016371429404,56.01448080282859,121.04652679346245,-55.31800409695413
2026-02-11 00:00:00+00:00,1020.904844055934,83.0125038409022,83.18788550601428,6977920.365081058,97.75326660751709,0.0021699313322186935,56.99387392569933,119.38882263216786,-98.53104022718614
2026-02-12 00:00:00+00:00,1019.7407924731299,83.31694031548396,83.50011970948378,6977918.944230081,97.75326691329508,0.002204060585234192,57.97326737041792,117.73158881339762,-141.7429048304062
2026-02-13 00:00:00+00:00,1018.0475319700098,83.6211953602522,83.81318506537711,6977917.496743405,97.75326719688942,0.002236365107006238,58.95266115765509,-243.9252312976874,175.04646570777976
2026-02-14 00:00:00+00:00,1018.7098484041935,83.9245204419456,84.12646608635403,6977916.032916626,97.75326745446048,0.0022668170585161303,59.93205531762811,-245.58153916782692,131.83700015107084
2026-02-15 00:00:00+00:00,1021.6776697389002,84.22602486500573,84.4392239957756,6977914.553480979,97.75326768715342,0.0022953893310468615,60.911449862129125,-247.23750733483158,88.6288797093443
2026-02-16 00:00:00+00:00,1023.6226210684392,84.52463993664222,84.75056152248416,6977913.090776572,97.75326789736428,0.002322055856008617,61.89084480947187,111.1069153934943,45.42206739523729
2026-02-17 00:00:00+00:00,1023.3881511915341,84.81907359640525,85.05937608726266,6977911.623823361,97.75326807869926,0.0023467957667940844,62.870240172441015,109.451719648346,2.2165510013424505
2026-02-18 00:00:00+00:00,1023.0078948426054,85.10775354189744,85.36429755613483,6977910.116819361,97.75326823301585,0.0023695906204573547,63.84963598735588,107.79680800711597,-40.987534932110364
2026-02-19 00:00:00+00:00,1022.9793778296219,85.38875710925126,85.66360548935842,6977908.612898026,97.75326835609573,0.0023904192255549796,64.8290322739878,106.14226247452481,-84.19026049784298
2026-02-20 00:00:00+00:00,1021.5941478149992,85.65972751979892,85.955120409922,6977907.125030091,97.75326844848108,0.0024092601766849404,65.80842904567047,104.48800232957268,-127.39155247841168
2026-02-21 00:00:00+00:00,1019.4961588727716,85.91777917852126,86.236063854244,6977905.609368403,97.7532685080252,0.002426101226035435,66.78782633585166,102.83403624587764,-170.59140914246308
2026-02-22 00:00:00+00:00,1019.7539249093071,86.15940167753443,86.50288647470958,6977904.082799247,97.75326853325085,0.002440930253310673,67.76722416826043,-258.8196236776791,146.21017527769024
2026-02-23 00:00:00+00:00,1022.5932808684735,86.38038446134824,86.75107594413558,6977902.54490247,97.75326852614924,0.002453728919503495,68.7466225701596,-260.47304283418174,103.01327855339166
2026-02-24 00:00:00+00:00,1024.7843071383138,86.57580361776765,86.97498546726472,6977900.998375662,97.75326848176147,0.0024644903678419676,69.72602157112293,97.8738496899757,59.817844451766184
2026-02-25 00:00:00+00:00,1024.9738448288902,86.74013549641086,87.16777691275108,6977899.427591221,97.75326840361375,0.0024732068288323018,70.7054211981337,96.22096244584789,16.623981457661518
2026-02-26 00:00:00+00:00,1024.9589065098896,86.86757487501292,87.32164579761785,6977897.8414123915,97.75326828909779,0.0024798651066723,71.68482148596347,94.56832234620603,-26.56831041645615
2026-02-27 00:00:00+00:00,1025.1274502280758,86.9526091812684,87.42853649425109,6977896.234552158,97.75326813518443,0.0024844639050194367,72.66422246768445,92.91595207078929,-69.75904278203537
2026-02-28 00:00:00+00:00,1023.693599533228,86.99080360065143,87.4814425229487,6977894.628922096,97.75326794817848,0.00248699775125053,73.64362416643553,91.26373065471847,-112.94808200041244
2026-03-01 00:00:00+00:00,1021.2516418009808,86.97959922600106,87.4760142926383,6977892.998008313,97.75326772232042,0.0024874652408466117,74.6230266164684,89.61173912848068,-156.1354913226066
2026-03-02 00:00:00+00:00,1021.017553030062,86.9188202784268,87.41175096574935,6977891.173825478,97.75326743318485,0.0024858565564778987,75.60242989454558,-272.03997985093855,160.67882007902264
2026-03-03 00:00:00+00:00,1023.5381478245754,86.81065816847119,87.29206607406027,6977889.359282202,97.75326711369955,0.0024821810887016038,76.58183406356724,-273.6915236505828,117.49503949751295
2026-03-04 00:00:00+00:00,1025.767813815366,86.65914544456932,87.12319513966729,6977887.540346228,97.75326675651829,0.0024764406628653038,77.561239146232,84.657135093673,74.31314910645568
2026-03-05 00:00:00+00:00,1026.2600260555353,86.46936590855265,86.9126204491902,6977885.730907439,97.75326636717011,0.0024686415863868056,78.54064516418764,83.0059307909604,31.13320261195124
2026-03-06 00:00:00+00:00,1026.6291819249398,86.24669700675021,86.66774890338242,6977883.896689793,97.75326594022582,0.0024587866956981438,79.52005214262655,81.35495223019343,-12.044875754158683
2026-03-07 00:00:00+00:00,1027.145988462856,85.9962649226318,86.39515313721353,6977882.044509155,97.75326547866045,0.002446887578038251,80.49946011613649,79.70411322665933,-55.220976284556656
2026-03-08 00:00:00+00:00,1025.8772724522826,85.72264579362722,86.10030463831626,6977880.184139511,97.75326498439335,0.0024329521240955506,81.47886911988708,78.05343841379785,-98.39510795205823
2026-03-09 00:00:00+00:00,1023.2524359888797,85.4297594221041,85.78759922172516,6977878.297033184,97.7532644511553,0.002416990046826135,82.45827917982498,76.40291203937868,-141.56722674501006
2026-03-10 00:00:00+00:00,1022.5558844430238,85.120880902687,85.46050779366438,6977876.394909389,97.75326388566212,0.002399022422691787,83.437690326126,-285.2473313484746,175.26253961013586
2026-03-11 00:00:00+00:00,1024.6481054669428,84.79870980518841,85.12175551414389,6977874.482992255,97.75326328670981,0.0023790530315937262,84.41710258594576,-286.8975110740713,132.09443728481358
2026-03-12 00:00:00+00:00,1026.7354411033132,84.46545851693558,84.77348593057516,6977872.557628913,97.75326265696896,0.0023571072217179615,85.39651598586866,71.45252682263276,88.92832172406294
2026-03-13 00:00:00+00:00,1027.361372389452,84.12293946148006,84.41739613954883,6977870.600087902,97.75326199589027,0.0023331969407858165,86.37593055171304,69.80277427799723,45.76422509878709
2026-03-14 00:00:00+00:00,1028.0399072875575,83.77264230734555,84.05484261482145,6977868.624137589,97.75326130570821,0.0023073454661896122,87.35534631673559,68.15318203116877,2.602226154474123
2026-03-15 00:00:00+00:00,1028.9698375477285,83.41579861578798,83.68692192920011,6977866.655944394,97.75326058987113,0.0022795726249722676,88.33476330115187,66.50366718950632,-40.55757678468723
2026-03-16 00:00:00+00:00,1028.0401175584016,83.05343428595717,83.31453164892193,6977864.68126475,97.75325984829364,0.0022499041228002063,89.31418152285376,64.85426740570662,-83.71523637238214
2026-03-17 00:00:00+00:00,1025.4191409910295,82.6864113884739,82.93841608749963,6977862.708941206,97.75325908337246,0.002218361143438668,90.29360099147199,63.205131555403796,-126.87088861869505
2026-03-18 00:00:00+00:00,1024.352833048128,82.31546122538438,82.55920075497723,6977860.730318434,97.75325829704256,0.002184972745500379,91.27302172419222,61.556126133828656,-170.02440278124232
2026-03-19 00:00:00+00:00,1025.9735996230033,81.94121034607849,82.17741834771255,6977858.729343128,97.75325748942248,0.002149765178640279,92.25244375211165,-300.09273583309533,146.82422642434176
2026-03-20 00:00:00+00:00,1027.7571921563517,81.56420099022438,81.79352841961486,6977856.745039203,97.75325666628933,0.002112767832185081,93.2318670732221,58.25856071915714,103.67498589055674
2026-03-21 00:00:00+00:00,1028.3051044664455,81.18490708560684,81.40793231536725,6977854.715566319,97.75325582365107,0.002074009287404988,94.21129171484202,56.61003184020424,60.52787803804546
2026-03-22 00:00:00+00:00,1029.1275855639574,80.80374681206405,81.0209845562429,6977852.685097544,97.75325496250771,0.0020335257857140927,95.19071769192007,54.96175995911725,17.382843630229775
2026-03-23 00:00:00+00:00,1030.4431204959749,80.42109245044583,80.63300154302901,6977850.639582217,97.75325408752687,0.001991348298275135,96.17014502080781,53.31371518937622,-25.76006773316772
2026-03-24 00:00:00+00:00,1029.9855785141895,80.0372781676713,80.24426827997762,6977848.637891859,97.75325320879213,0.001947517435948211,97.14957369650615,51.66580318157827,-68.90080265845904
2026-03-25 00:00:00+00:00,1027.5846828071947,79.65260621235892,79.85504368123209,6977846.5992363375,97.75325231878561,0.0019020617992065972,98.12900373049118,50.018094758162306,-112.03940791702931
2026-03-26 00:00:00+00:00,1026.337805127582,79.26735189804924,79.46556473846545,6977844.56614103,97.75325141771891,0.0018550227876246957,99.10843512878182,48.37070041898447,-155.17599090502156
2026-03-27 00:00:00+00:00,1027.5719709209004,78.88176768465463,79.07604996384453,6977842.530631863,97.75325051911656,0.0018064395252525465,100.08786789437025,-313.27647289874136,161.68953652437
2026-03-28 00:00:00+00:00,1029.0027124770259,78.49608659646833,78.68670223166477,6977840.490145228,97.75324961587664,0.0017563522874697018,101.06730203328331,45.076691736693704,118.55707072994379
2026-03-29 00:00:00+00:00,1029.312957329479,78.11052504132927,78.29771113181884,6977838.415117033,97.75324870409521,0.0017048027591832415,102.04673755939781,43.430146551586205,75.42668304182223
2026-03-30 00:00:00+00:00,1030.091309060572,77.72528521527062,77.90925496898696,6977836.339711016,97.75324779391353,0.0016518318879424196,103.02617446974314,41.78399028307728,32.298287958830095
2026-03-31 00:00:00+00:00,1031.6864953365082,77.34055716241583,77.521502461809,6977834.2913490515,97.7532468924292,0.0015974851591530684,104.00561275351788,40.138142334533605,-10.828049709325956
2026-04-01 00:00:00+00:00,1031.7417001747997,76.95652052439863,77.13461420664478,6977832.213375769,97.75324599460009,0.001541809913546651,104.9850524206156,38.49271828944248,-53.9524410905397
2026-04-02 00:00:00+00:00,1029.7285006661655,76.57334603604356,76.74874392719813,6977830.100420368,97.75324509639835,0.0014848513028151943,105.96449347985825,36.84793215102818,-97.07505223175203
2026-04-03 00:00:00+00:00,1028.5011679982165,76.19119678868323,76.36403949870977,6977828.051680585,97.75324422196623,0.0014266585658380432,106.94393590850565,35.20352981471395,-140.19566003040754
2026-04-04 00:00:00+00:00,1029.489137064235,75.81022935248559,75.98064387354442,6977826.007421001,97.75324336381973,0.0013672771038377033,107.92337968637581,-326.4402046672189,176.68540887586627
2026-04-05 00:00:00+00:00,1030.5912277329662,75.43059464641792,75.59869576492781,6977823.980055913,97.75324251953542,0.0013067585377019512,108.90282479771632,31.916705832352736,133.5681729809107
2026-04-06 00:00:00+00:00,1030.5532896989375,75.0524386909161,75.21833026880569,6977821.912569894,97.75324168418514,0.0012451497373093413,109.88227124573436,30.27457154184508,90.45233710026321
2026-04-07 00:00:00+00:00,1031.0783060117346,74.67590322062038,74.8396793375146,6977819.869867391,97.75324087355798,0.0011825037070075455,110.8617190141817,28.63331612002694,47.33798555263537
2026-04-08 00:00:00+00:00,1032.7539548583109,74.30112623157896,74.46287213803491,6977817.858410886,97.75324008454916,0.0011188738361796009,111.84116807652129,26.993452348769587,4.224561651883067
2026-04-09 00:00:00+00:00,1033.2371382537985,73.92824238373966,74.0880354106816,6977815.794373957,97.75323931240082,0.0010543100451055228,112.82061843244718,25.35472925681612,-38.88765719979384
2026-04-10 00:00:00+00:00,1031.6774320419274,73.55738336789626,73.71529374071123,6977813.739792852,97.75323856339821,0.0009888671168242931,113.80007007598799,23.71772056781774,-81.99921668479207
2026-04-11 00:00:00+00:00,1030.6419587409482,73.18867824953946,73.34476976059848,6977811.717764317,97.75323783769643,0.0009226014964656006,114.77952297278453,22.083159787865032,-125.11089175594148
2026-04-12 00:00:00+00:00,1031.5724841198003,72.82225373025408,72.97658440053839,6977809.698679788,97.75323713676264,0.0008555656926277831,115.75897710357482,20.451077865220878,-168.22272053759383
2026-04-13 00:00:00+00:00,1032.4638232163786,72.45823439838853,72.61085706359519,6977807.692008218,97.7532364680929,0.0007878172992116516,116.73843244616333,18.822195960994677,148.66456230054052
2026-04-14 00:00:00+00:00,1032.061462263469,72.09674295479118,72.24770578689129,6977805.671926716,97.75323582483011,0.0007194096423675953,117.71788898297123,17.19752330479969,105.54995282312804
2026-04-15 00:00:00+00:00,1032.1763853189573,71.73790034288267,71.88724738367443,6977803.628909501,97.75323520699754,0.000650397010128986,118.69734671079732,15.578707450176829,62.431826526317394
2026-04-16 00:00:00+00:00,1033.7010280362713,71.38182583364764,71.52959744508355,6977801.630608,97.75323462641256,0.0005808481406020875,119.67680559002571,13.967761197151177,19.308139825091338
2026-04-17 00:00:00+00:00,1034.4417888346936,71.02863700516777,71.17487027380015,6977799.607063967,97.75323407593034,0.0005108100963494659,120.65626560672636,12.36768891285894,-23.82409995315584
2026-04-18 00:00:00+00:00,1033.311826982456,70.67844958333232,70.82317872063985,6977797.5931095,97.7532335625575,0.0004403460101302824,121.63572673082642,10.783829451784712,-66.97023795875505
2026-04-19 00:00:00+00:00,1032.588389524294,70.3313772250364,70.4746338554556,6977795.621399787,97.75323308939032,0.0003695114112689332,122.61518893212123,9.226047367426535,-110.14016642200417
2026-04-20 00:00:00+00:00,1033.6716973568741,69.98753127524193,70.12934464371399,6977793.6476954855,97.75323264066665,0.00029836760360805147,123.59465218606532,7.713174888277102,-153.35273321385986
2026-04-21 00:00:00+00:00,1034.5637936782223,69.64702051517163,69.78741769519326,6977791.683948419,97.7532322357607,0.00022697635582881755,124.57411646745969,6.286750563253781,163.35051278403404
2026-04-22 00:00:00+00:00,1033.9086933546475,69.30995113818149,69.44895710572513,6977789.741818031,97.7532318672938,0.00015539683502574744,125.55358174078056,5.068058361055799,119.8482717744253
2026-04-23 00:00:00+00:00,1033.5740035016256,68.97642676018522,69.11406447479624,6977787.802612931,97.75323153662194,8.371059729505745e-05,126.53304797963514,4.588187318591494,75.60944672338438
2026-04-24 00:00:00+00:00,1034.787669723716,68.64654859644612,68.78283906070747,6977785.842146699,97.75323123529171,1.2394361623818633e-05,127.51251516757911,17.797866586782604,17.683304967852777
2026-04-25 00:00:00+00:00,1035.607023909668,68.32041566207121,68.45537797510056,6977783.88884405,97.75323096907537,6.0101591283342546e-05,128.49198328633776,-184.78426769737604,175.55122421959658
2026-04-26 00:00:00+00:00,1034.8100768309807,67.9981250281196,68.13177646612911,6977781.971417037,97.75323074326387,0.0001318115320270392,129.4714522851607,-184.51005556620532,130.56502173145077
2026-04-27 00:00:00+00:00,1034.4325438963958,67.67977202439126,67.81212809013027,6977780.065182744,97.75323055610792,0.0002034604024990555,130.45092215182677,-185.5932090455978,86.93838076954344
2026-04-28 00:00:00+00:00,1035.8278455789234,67.36545044061688,67.49652498093573,6977778.148110829,97.75323040497997,0.0002749533464716497,131.43039284409738,-186.9713399446819,43.60891597444504
2026-04-29 00:00:00+00:00,1036.9472716702776,67.05525265601857,67.18505793798745,6977776.237775751,97.75323029558481,0.0003462258413300776,132.4098643512059,171.53820436967865,0.3939769025419699
2026-04-30 00:00:00+00:00,1036.2257337883148,66.74926980094708,66.8778166295705,6977774.36051218,97.75323022201793,0.0004172212067271671,133.38933663627526,169.99278268920725,-42.763819760145516
2026-05-01 00:00:00+00:00,1035.483371501835,66.44759182903093,66.57488962950329,6977772.465131605,97.75323018297523,0.00048787353757380464,134.36880967695322,168.4169724584488,-85.88905956979345
2026-05-02 00:00:00+00:00,1036.26689510997,66.15030760068974,66.27636452755414,6977770.526909586,97.75323017099798,0.0005581272460389231,135.34828346473714,166.82198417925244,-128.99291806997803
2026-05-03 00:00:00+00:00,1036.9596180216345,65.85750491743741,65.98232799228536,6977768.686699688,97.75323032596316,0.0006279222066027136,136.32775749801698,165.2140763895584,-172.08168733684883
2026-05-04 00:00:00+00:00,1036.3057855255124,65.56927056177715,65.69286575898896,6977766.8464318495,97.75323091079657,0.0006971884960284391,137.30723077861435,-196.40271016553058,144.84054328732057
2026-05-05 00:00:00+00:00,1036.1793773651036,65.28569026804875,65.40806264300764,6977764.984229798,97.75323172005768,0.0007658766865094541,138.28670408433018,-198.02559333406228,101.77099471275031
2026-05-06 00:00:00+00:00,1037.9323550543793,65.00684876006682,65.12800254331967,6977763.152509204,97.75323268392762,0.0008339311880444501,139.2661775981483,-199.653309466013,58.708401202899324
2026-05-07 00:00:00+00:00,1039.4574383100028,64.73282966804179,64.85276836734903,6977761.304033913,97.75323378306763,0.0009012957083015962,140.24565141333292,158.71544866910162,15.651450384715345
2026-05-08 00:00:00+00:00,1038.886930096588,64.46371554207289,64.5824420292587,6977759.484847953,97.75323498591614,0.0009679169064567192,141.22512558044258,157.08147278921186,-27.40065744700456
2026-05-09 00:00:00+00:00,1037.8662059300693,64.19958776637175,64.31710441193722,6977757.6803139625,97.75323629078879,0.0010337321856369465,142.20460013964336,155.4452324326691,-70.44841882277615
2026-05-10 00:00:00+00:00,1038.1893459249955,63.94052657839095,64.0568352914363,6977755.828563426,97.75323766444006,0.0010986982643214594,143.18407512644848,153.80733002898623,-113.49240241723352
2026-05-11 00:00:00+00:00,1038.5791857002446,63.68661095203652,63.80171334477165,6977754.001290916,97.75323911802333,0.0011627542445405612,144.16355056028019,152.16795476099955,-156.5328101906411
2026-05-12 00:00:00+00:00,1037.8231514641602,63.437918600354855,63.55181603247323,6977752.193065974,97.75324063924673,0.0012258482707651775,145.1430264395864,-209.47243478262814,160.42989078238475
2026-05-13 00:00:00+00:00,1037.7345139677718,63.19452584340442,63.30721955497533,6977750.412775223,97.7532422169874,0.0012879264452623751,146.12250278147067,-211.1140252478763,117.39585369359617
2026-05-14 00:00:00+00:00,1039.7540985882872,62.956507461394246,63.06799869384292,6977748.640669088,97.7532438425989,0.0013489392631890174,147.10197959238448,-212.7565719419989,74.36481098405484
2026-05-15 00:00:00+00:00,1041.7652544864293,62.7239364858168,62.83422659241685,6977746.921583399,97.7532455015489,0.0014088421791582741,148.08145684578176,145.60027721503462,31.33638147848495
2026-05-16 00:00:00+00:00,1041.551934103116,62.49688386691317,62.60597445516914,6977745.154383483,97.75324719903226,0.0014675729890503797,149.0609345637413,143.95660312985356,-11.689522091822646
2026-05-17 00:00:00+00:00,1040.45333953089,62.275418207156086,62.38331121793013,6977743.4321658965,97.75324892812193,0.0015250921768121333,150.04041272810525,142.31254644920912,-54.713041986414645
2026-05-18 00:00:00+00:00,1040.4036347226313,62.05960544891048,62.16630323343899,6977741.660520983,97.7532506791057,0.0015813455763283044,151.01989138146806,140.66807100840035,-97.734120406394
2026-05-19 00:00:00+00:00,1040.4387186853164,61.84950873383418,61.95501409352221,6977739.988541264,97.75325245336496,0.001636293307497655,151.9993704825819,139.0230902372385,-140.7527286974443
2026-05-20 00:00:00+00:00,1039.4276943420589,61.64518840325226,61.749504551904806,6977738.295806,97.75325423709226,0.0016898890200967112,152.97885004980247,-222.62213733836487,176.23085068441483
2026-05-21 00:00:00+00:00,1039.1828984674517,61.44670214945603,61.54983270535441,6977736.57227808,97.75325603330464,0.0017420840524840335,153.95833008977493,-224.26756920153758,133.21659871887897
2026-05-22 00:00:00+00:00,1041.3296193724996,61.254105294682915,61.356054190644265,6977734.89608788,97.75325784117143,0.0017928372919537407,154.93781060365347,-225.9132462059219,90.20454600937147
2026-05-23 00:00:00+00:00,1043.8323830224797,61.06745107650449,61.16822247363498,6977733.1848732345,97.75325964469025,0.0018421023650427378,155.91729159640056,132.44090686521287,47.19461348885111
2026-05-24 00:00:00+00:00,1044.1452383755254,60.886790849015306,60.98638913389459,6977731.539922219,97.75326145075208,0.0018898447634983686,156.89677306322633,130.79484587015804,4.186824097026648
2026-05-25 00:00:00+00:00,1043.2160167802253,60.71217428685108,60.81060399173204,6977729.883429531,97.75326325033532,0.0019360204373038725,157.87625500969563,129.14849960197856,-38.81878567416209
2026-05-26 00:00:00+00:00,1042.9890447656562,60.543649465416976,60.64091529943665,6977728.213626199,97.75326505258714,0.001980587364872212,158.8557374388301,127.50218310929812,-81.82250646016294
2026-05-27 00:00:00+00:00,1042.734494084631,60.38126296649337,60.47736974641243,6977726.6053516,97.75326684298577,0.0020235169928239385,159.83522034620174,125.85569169306306,-124.82418274391557
2026-05-28 00:00:00+00:00,1041.380692851496,60.225059868647065,60.3200125494005,6977724.932026003,97.75326861909413,0.002064765575186977,160.8147037625167,124.2092362481258,-167.8239875317601
2026-05-29 00:00:00+00:00,1040.781103638841,60.075083792161216,60.16888744284432,6977723.316257688,97.7532703736613,0.00210430770523195,161.79418769006534,-237.43739968136458,149.17826879144596
2026-05-30 00:00:00+00:00,1042.8308733248653,59.93137687546188,60.02403674363166,6977721.673755012,97.75327211556615,0.0021420989550803337,162.77367212571704,-239.08395824323475,106.18232641170825
2026-05-31 00:00:00+00:00,1045.702143836613,59.7939797901905,59.88550127272002,6977720.053891273,97.75327383667819,0.0021781152009633423,163.75315709906224,-240.73061938027757,63.18836496688077
2026-06-01 00:00:00+00:00,1046.5918880737674,59.66293170518704,59.75332037713943,6977718.435737282,97.75327553928555,0.0022123236950504343,164.73264261044883,117.62267687652862,20.196303884538146
