date,beta_angle_sun,fov-to-sun
2025-06-01 00:00:00+00:00,-23.255372595724747,123.26219959544942
2025-06-02 00:00:00+00:00,-23.294829903402803,123.48084702507366
2025-06-03 00:00:00+00:00,-23.33559804207909,123.68934212548724
2025-06-04 00:00:00+00:00,-23.37763101199642,123.88756730739667
2025-06-05 00:00:00+00:00,-23.42088296645718,124.07541008803997
2025-06-06 00:00:00+00:00,-23.465307824164725,124.25276318230905
2025-06-07 00:00:00+00:00,-23.510859022344555,124.41952462436407
2025-06-08 00:00:00+00:00,-23.5574894312162,124.57559792260132
2025-06-09 00:00:00+00:00,-23.60515126353517,124.72089222164216
2025-06-10 00:00:00+00:00,-23.65379605069312,124.85532247170639
2025-06-11 00:00:00+00:00,-23.703374570354605,124.97880959236498
2025-06-12 00:00:00+00:00,-23.753836696459953,125.09128062644061
2025-06-13 00:00:00+00:00,-23.805131124801164,125.19266888277244
2025-06-14 00:00:00+00:00,-23.857205003611135,125.28291406988515
2025-06-15 00:00:00+00:00,-23.910003473794713,125.36196242490034
2025-06-16 00:00:00+00:00,-23.963469094534585,125.42976684287366
2025-06-17 00:00:00+00:00,-24.01754120346823,125.48628701113648
2025-06-18 00:00:00+00:00,-24.07215524713458,125.5314895515777
2025-06-19 00:00:00+00:00,-24.127242036231173,125.56534817169698
2025-06-20 00:00:00+00:00,-24.18272701775409,125.58784382298745
2025-06-21 00:00:00+00:00,-24.238529613180336,125.59896486256378
2025-06-22 00:00:00+00:00,-24.294562783713445,125.59870721041624
2025-06-23 00:00:00+00:00,-24.350733045199572,125.58707448993805
2025-06-24 00:00:00+00:00,-24.406941076662715,125.56407813512855
2025-06-25 00:00:00+00:00,-24.463083080101526,125.52973744604896
2025-06-26 00:00:00+00:00,-24.51905271317891,125.48407957793613
2025-06-27 00:00:00+00:00,-24.574743172696728,125.4271394592028
2025-06-28 00:00:00+00:00,-24.630049064241692,125.3589596450445
2025-06-29 00:00:00+00:00,-24.684867679558355,125.27959012156077
2025-06-30 00:00:00+00:00,-24.73909962267766,125.18908807695719
2025-07-01 00:00:00+00:00,-24.792648894969002,125.08751765258316
2025-07-02 00:00:00+00:00,-24.84542271022287,124.97494968065976
2025-07-03 00:00:00+00:00,-24.897331063901145,124.85146141050612
2025-07-04 00:00:00+00:00,-24.948286412421474,124.7171362221852
2025-07-05 00:00:00+00:00,-24.998203485773207,124.57206332575763
2025-07-06 00:00:00+00:00,-25.046999209399587,124.41633744531171
2025-07-07 00:00:00+00:00,-25.094592743464254,124.25005848923331
2025-07-08 00:00:00+00:00,-25.140905594425142,124.07333121059024
2025-07-09 00:00:00+00:00,-25.185861721853886,123.88626487207935
2025-07-10 00:00:00+00:00,-25.229387615244516,123.688972914663
2025-07-11 00:00:00+00:00,-25.271412213808123,123.48157266395064
2025-07-12 00:00:00+00:00,-25.311866649262303,123.26418507680124
2025-07-13 00:00:00+00:00,-25.350683787322804,123.03693454593689
2025-07-14 00:00:00+00:00,-25.38779754664854,122.7999487668747
2025-07-15 00:00:00+00:00,-25.42314208336155,122.55335866331188
2025-07-16 00:00:00+00:00,-25.456650919589404,122.29729835900936
2025-07-17 00:00:00+00:00,-25.48825610300902,122.03190517909312
2025-07-18 00:00:00+00:00,-25.517887463662337,121.75731966125731
2025-07-19 00:00:00+00:00,-25.545472074316915,121.47368555516594
2025-07-20 00:00:00+00:00,-25.570933942712323,121.18114978394743
2025-07-21 00:00:00+00:00,-25.59419405096343,120.87986233551878
2025-07-22 00:00:00+00:00,-25.615170792826987,120.56997604864073
2025-07-23 00:00:00+00:00,-25.633780891224774,120.25164626703855
2025-07-24 00:00:00+00:00,-25.64994069307177,119.92503036123247
2025-07-25 00:00:00+00:00,-25.663567789385038,119.59028714166318
2025-07-26 00:00:00+00:00,-25.67458254900349,119.24757625367481
2025-07-27 00:00:00+00:00,-25.682909507956904,118.8970575956129
2025-07-28 00:00:00+00:00,-25.688478302863885,118.53889084272737
2025-07-29 00:00:00+00:00,-25.691224171640375,118.17323508996441
2025-07-30 00:00:00+00:00,-25.691088097902544,117.80024860455758
2025-07-31 00:00:00+00:00,-25.688016690118456,117.42008865682094
2025-08-01 00:00:00+00:00,-25.681961981135956,117.03291139198981
2025-08-02 00:00:00+00:00,-25.67288122990194,116.63887171096898
2025-08-03 00:00:00+00:00,-25.660736818189438,116.23812313744452
2025-08-04 00:00:00+00:00,-25.645496256099214,115.83081765924211
2025-08-05 00:00:00+00:00,-25.627132282308214,115.41710554212844
2025-08-06 00:00:00+00:00,-25.60562302410128,114.99713512520206
2025-08-07 00:00:00+00:00,-25.58095219519528,114.57105261949799
2025-08-08 00:00:00+00:00,-25.55310922010397,114.13900194476206
2025-08-09 00:00:00+00:00,-25.52208917340652,113.7011246479488
2025-08-10 00:00:00+00:00,-25.48789243517787,113.25755996277196
2025-08-11 00:00:00+00:00,-25.450524034866262,112.80844501199697
2025-08-12 00:00:00+00:00,-25.409992654501632,112.35391519324662
2025-08-13 00:00:00+00:00,-25.36630945141479,111.89410467609147
2025-08-14 00:00:00+00:00,-25.31948685886142,111.4291469472922
2025-08-15 00:00:00+00:00,-25.269537566178638,110.95917531698366
2025-08-16 00:00:00+00:00,-25.21647380245683,110.48432331733024
2025-08-17 00:00:00+00:00,-25.160306987229568,110.00472495640088
2025-08-18 00:00:00+00:00,-25.101047746020253,109.52051481860606
2025-08-19 00:00:00+00:00,-25.038706256784543,109.03182801912472
2025-08-20 00:00:00+00:00,-24.97329283153647,108.53880002514646
2025-08-21 00:00:00+00:00,-24.904818712007515,108.04156636028371
2025-08-22 00:00:00+00:00,-24.833297014838525,107.54026221756406
2025-08-23 00:00:00+00:00,-24.758743728388524,107.0350220210208
2025-08-24 00:00:00+00:00,-24.68117863528663,106.52597898868412
2025-08-25 00:00:00+00:00,-24.60062606859192,106.01326475390022
2025-08-26 00:00:00+00:00,-24.517115459517907,105.49700907179802
2025-08-27 00:00:00+00:00,-24.430681593336246,104.97733966377032
2025-08-28 00:00:00+00:00,-24.341364707511016,104.45438214337537
2025-08-29 00:00:00+00:00,-24.24921037218146,103.9282600316352
2025-08-30 00:00:00+00:00,-24.15426931864309,103.39909481077902
2025-08-31 00:00:00+00:00,-24.056597292677388,102.86700598222822
2025-09-01 00:00:00+00:00,-23.956254918327108,102.33211109790368
2025-09-02 00:00:00+00:00,-23.853307682207518,101.79452574262318
2025-09-03 00:00:00+00:00,-23.747826006667566,101.2543634566559
2025-09-04 00:00:00+00:00,-23.639885421176146,100.71173560305232
2025-09-05 00:00:00+00:00,-23.529566791178205,100.1667512064903
2025-09-06 00:00:00+00:00,-23.416956487768854,99.61951681910938
2025-09-07 00:00:00+00:00,-23.30214633249941,99.07013649763975
2025-09-08 00:00:00+00:00,-23.185233230572113,98.5187119890677
2025-09-09 00:00:00+00:00,-23.066318327254077,97.96534319782228
2025-09-10 00:00:00+00:00,-22.945505710239587,97.41012893402711
2025-09-11 00:00:00+00:00,-22.822900853488015,96.85316785404152
2025-09-12 00:00:00+00:00,-22.698609132006514,96.29455939543134
2025-09-13 00:00:00+00:00,-22.572734612597724,95.73440455790562
2025-09-14 00:00:00+00:00,-22.445379382537055,95.17280639475719
2025-09-15 00:00:00+00:00,-22.31664334201074,94.60987020929407
2025-09-16 00:00:00+00:00,-22.18662441263199,94.0457035129379
2025-09-17 00:00:00+00:00,-22.055418955342116,93.4804158289462
2025-09-18 00:00:00+00:00,-21.923122298203733,92.91411841390702
2025-09-19 00:00:00+00:00,-21.789829312402876,92.34692394347495
2025-09-20 00:00:00+00:00,-21.655634948066243,91.77894618787026
2025-09-21 00:00:00+00:00,-21.520634770254897,91.21029969335643
2025-09-22 00:00:00+00:00,-21.384925417896287,90.64109948577831
2025-09-23 00:00:00+00:00,-21.248604982364657,90.07146081471242
2025-09-24 00:00:00+00:00,-21.111773301171173,89.50149895591586
2025-09-25 00:00:00+00:00,-20.974532120982104,88.93132908310578
2025-09-26 00:00:00+00:00,-20.83698514474076,88.36106621059811
2025-09-27 00:00:00+00:00,-20.699238012205416,87.7908251849209
2025-09-28 00:00:00+00:00,-20.561398195678386,87.22072072747899
2025-09-29 00:00:00+00:00,-20.423574930044314,86.65086746792336
2025-09-30 00:00:00+00:00,-20.285879151148876,86.08137996240094
2025-10-01 00:00:00+00:00,-20.14842354294775,85.51237265905552
2025-10-02 00:00:00+00:00,-20.01132269057268,84.94395979147198
2025-10-03 00:00:00+00:00,-19.87469337259761,84.37625519423464
2025-10-04 00:00:00+00:00,-19.73865493716614,83.80937206247238
2025-10-05 00:00:00+00:00,-19.603329680470587,83.24342271996024
2025-10-06 00:00:00+00:00,-19.46884302368095,82.67851851049383
2025-10-07 00:00:00+00:00,-19.335323235168378,82.11476995897738
2025-10-08 00:00:00+00:00,-19.202900589662654,81.55228732131538
2025-10-09 00:00:00+00:00,-19.071705890572037,80.99118153027868
2025-10-10 00:00:00+00:00,-18.941868609748475,80.43156538163004
2025-10-11 00:00:00+00:00,-18.813515099202284,79.8735546869347
2025-10-12 00:00:00+00:00,-18.686767254428837,79.31726913199024
2025-10-13 00:00:00+00:00,-18.56174182412503,78.7628327142041
2025-10-14 00:00:00+00:00,-18.43855034216265,78.21037379107764
2025-10-15 00:00:00+00:00,-18.31729944642245,77.66002487123362
2025-10-16 00:00:00+00:00,-18.198091357123463,77.11192228853653
2025-10-17 00:00:00+00:00,-18.081024389320756,76.56620586065905
2025-10-18 00:00:00+00:00,-17.966193393304692,76.02301858166763
2025-10-19 00:00:00+00:00,-17.85369013146775,75.48250636050045
2025-10-20 00:00:00+00:00,-17.743603568947265,74.94481779852623
2025-10-21 00:00:00+00:00,-17.636020155020844,74.41010399556015
2025-10-22 00:00:00+00:00,-17.531024063541548,73.87851837792799
2025-10-23 00:00:00+00:00,-17.428697387413223,73.35021654828292
2025-10-24 00:00:00+00:00,-17.329120311136602,72.825356160719
2025-10-25 00:00:00+00:00,-17.232371243061916,72.30409682437337
2025-10-26 00:00:00+00:00,-17.13852689188471,71.78660003431784
2025-10-27 00:00:00+00:00,-17.04766234161218,71.27302912163596
2025-10-28 00:00:00+00:00,-16.95985109105541,70.76354920720453
2025-10-29 00:00:00+00:00,-16.87516517766792,70.25832713703441
2025-10-30 00:00:00+00:00,-16.793675373053595,69.7575313750586
2025-10-31 00:00:00+00:00,-16.715451511852358,69.26133182878927
2025-11-01 00:00:00+00:00,-16.640562973845736,68.76989959643
2025-11-02 00:00:00+00:00,-16.569079296229123,68.28340664816142
2025-11-03 00:00:00+00:00,-16.501070846298564,67.80202549872018
2025-11-04 00:00:00+00:00,-16.43660931080988,67.32592898399776
2025-11-05 00:00:00+00:00,-16.375767618928542,66.85529029334057
2025-11-06 00:00:00+00:00,-16.318619086216607,66.39028338354734
2025-11-07 00:00:00+00:00,-16.26523576925233,65.93108377882314
2025-11-08 00:00:00+00:00,-16.21568628476193,65.47786958352555
2025-11-09 00:00:00+00:00,-16.170033704538856,65.0308224155119
2025-11-10 00:00:00+00:00,-16.128334074221033,64.5901280002015
2025-11-11 00:00:00+00:00,-16.090635696558138,64.1559763232327
2025-11-12 00:00:00+00:00,-16.056979169434896,63.72856140639964
2025-11-13 00:00:00+00:00,-16.02739781949674,63.30808085675142
2025-11-14 00:00:00+00:00,-16.00191833835957,62.8947353251012
2025-11-15 00:00:00+00:00,-15.980561335230517,62.48872798277937
2025-11-16 00:00:00+00:00,-15.963341815582783,62.09026403284853
2025-11-17 00:00:00+00:00,-15.950269533700036,61.699550275520785
2025-11-18 00:00:00+00:00,-15.941349257709422,61.3167947065233
2025-11-19 00:00:00+00:00,-15.936580993180185,60.9422061310484
2025-11-20 00:00:00+00:00,-15.935960201710632,60.57599377806984
2025-11-21 00:00:00+00:00,-15.939478023465888,60.21836690610678
2025-11-22 00:00:00+00:00,-15.94712152218454,59.86953439790377
2025-11-23 00:00:00+00:00,-15.958873946015796,59.52970434604869
2025-11-24 00:00:00+00:00,-15.97471500435347,59.199083633202505
2025-11-25 00:00:00+00:00,-15.994621138242644,58.87787750925682
2025-11-26 00:00:00+00:00,-16.018565839141438,58.566289164138915
2025-11-27 00:00:00+00:00,-16.046519997576443,58.2645192906027
2025-11-28 00:00:00+00:00,-16.07845233908662,57.9727656279736
2025-11-29 00:00:00+00:00,-16.11433001842545,57.69122247683761
2025-11-30 00:00:00+00:00,-16.154119365603453,57.42008018529389
2025-12-01 00:00:00+00:00,-16.197786783161714,57.15952460544904
2025-12-02 00:00:00+00:00,-16.245299630776213,56.90973656824724
2025-12-03 00:00:00+00:00,-16.2966268840175,56.67089142530022
2025-12-04 00:00:00+00:00,-16.351739199328815,56.443158736859466
2025-12-05 00:00:00+00:00,-16.410608053753215,56.22670215756056
2025-12-06 00:00:00+00:00,-16.473203981907954,56.02167950263095
2025-12-07 00:00:00+00:00,-16.539494216054226,55.82824288846818
2025-12-08 00:00:00+00:00,-16.609440500153365,55.646538794363906
2025-12-09 00:00:00+00:00,-16.68299753394611,55.4767079259418
2025-12-10 00:00:00+00:00,-16.76011233837033,55.31888485081961
2025-12-11 00:00:00+00:00,-16.840724381756566,55.17319746007207
2025-12-12 00:00:00+00:00,-16.924766153733923,55.03976634397114
2025-12-13 00:00:00+00:00,-17.012163916297588,54.918704160346856
2025-12-14 00:00:00+00:00,-17.10283837217901,54.81011504430151
2025-12-15 00:00:00+00:00,-17.1967052309873,54.7140940805667
2025-12-16 00:00:00+00:00,-17.293675610266927,54.63072683899219
2025-12-17 00:00:00+00:00,-17.393656310720576,54.56008897483333
2025-12-18 00:00:00+00:00,-17.49655008842049,54.50224587805373
2025-12-19 00:00:00+00:00,-17.60225583892904,54.45725237351149
2025-12-20 00:00:00+00:00,-17.710668885040434,54.425152467008054
2025-12-21 00:00:00+00:00,-17.821681289100873,54.40597913851609
2025-12-22 00:00:00+00:00,-17.93518225407848,54.399754185812576
2025-12-23 00:00:00+00:00,-18.051058589140055,54.40648812312831
2025-12-24 00:00:00+00:00,-18.169195278979554,54.42618013973897
2025-12-25 00:00:00+00:00,-18.289476072510258,54.45881812294037
2025-12-26 00:00:00+00:00,-18.411784155433992,54.50437874904059
2025-12-27 00:00:00+00:00,-18.53600288720649,54.56282764520217
2025-12-28 00:00:00+00:00,-18.66201663598845,54.63411962394425
2025-12-29 00:00:00+00:00,-18.789711705529893,54.71819898976012
2025-12-30 00:00:00+00:00,-18.91897728713654,54.814999911735
2025-12-31 00:00:00+00:00,-19.04970638654811,54.92444684618145
2026-01-01 00:00:00+00:00,-19.181796368980454,55.046454975124455
2026-01-02 00:00:00+00:00,-19.315148825482634,55.1809306251254
2026-01-03 00:00:00+00:00,-19.449668688300857,55.32777161280978
2026-01-04 00:00:00+00:00,-19.58526260488978,55.48686750240238
2026-01-05 00:00:00+00:00,-19.721836730805567,55.65809978675409
2026-01-06 00:00:00+00:00,-19.859294725499492,55.84134203922378
2026-01-07 00:00:00+00:00,-19.99753635342636,56.0364600912732
2026-01-08 00:00:00+00:00,-20.136456924193354,56.24331227225283
2026-01-09 00:00:00+00:00,-20.27594737887807,56.461749718958956
2026-01-10 00:00:00+00:00,-20.41589484648533,56.69161674045683
2026-01-11 00:00:00+00:00,-20.55618334643631,56.93275121499467
2026-01-12 00:00:00+00:00,-20.69669442734993,57.18498499752117
2026-01-13 00:00:00+00:00,-20.837307772446128,57.44814432261304
2026-01-14 00:00:00+00:00,-20.97790152261713,57.722050194614766
2026-01-15 00:00:00+00:00,-21.118352559437234,58.006518763089545
2026-01-16 00:00:00+00:00,-21.258536692062428,58.30136168562155
2026-01-17 00:00:00+00:00,-21.398328833101157,58.60638649608492
2026-01-18 00:00:00+00:00,-21.53760313291979,58.92139696714196
2026-01-19 00:00:00+00:00,-21.676233309734148,59.24619351295356
2026-01-20 00:00:00+00:00,-21.81409305112418,59.580573622056356
2026-01-21 00:00:00+00:00,-21.951056692510413,59.92433233848159
2026-01-22 00:00:00+00:00,-22.086999982541027,60.277262790943624
2026-01-23 00:00:00+00:00,-22.22180095880304,60.63915676380758
2026-01-24 00:00:00+00:00,-22.35534095647838,61.00980529828541
2026-01-25 00:00:00+00:00,-22.487505538083795,61.38899931063804
2026-01-26 00:00:00+00:00,-22.618185518113087,61.776530214329746
2026-01-27 00:00:00+00:00,-22.747277833125924,62.172190530807114
2026-01-28 00:00:00+00:00,-22.874686352685607,62.57577446440038
2026-01-29 00:00:00+00:00,-23.000322360484546,62.987078399977406
2026-01-30 00:00:00+00:00,-23.124104776210267,63.40590126403572
2026-01-31 00:00:00+00:00,-23.245959774485453,63.832044685518134
2026-02-01 00:00:00+00:00,-23.36581980371159,64.26531291996076
2026-02-02 00:00:00+00:00,-23.48362217219192,64.70551254126049
2026-02-03 00:00:00+00:00,-23.599307324108345,65.1524520212556
2026-02-04 00:00:00+00:00,-23.71281715426523,65.60594127636044
2026-02-05 00:00:00+00:00,-23.824093965870624,66.06579132967315
2026-02-06 00:00:00+00:00,-23.93307988695917,66.53181413416323
2026-02-07 00:00:00+00:00,-24.03971684303051,67.0038225548766
2026-02-08 00:00:00+00:00,-24.143946839234395,67.48163046264553
2026-02-09 00:00:00+00:00,-24.245712423567607,67.96505287841468
2026-02-10 00:00:00+00:00,-24.344957122053412,68.45390611555933
2026-02-11 00:00:00+00:00,-24.441625824140147,68.94800788478771
2026-02-12 00:00:00+00:00,-24.53566498889603,69.44717734370198
2026-02-13 00:00:00+00:00,-24.62702273216043,69.95123508787924
2026-02-14 00:00:00+00:00,-24.71564881180822,70.46000309306272
2026-02-15 00:00:00+00:00,-24.801494542509236,70.97330463029857
2026-02-16 00:00:00+00:00,-24.884512770364346,71.49096418797164
2026-02-17 00:00:00+00:00,-24.96465793243387,72.01280744221076
2026-02-18 00:00:00+00:00,-25.04188637252198,72.53866133540537
2026-02-19 00:00:00+00:00,-25.116156899902485,73.06835426497526
2026-02-20 00:00:00+00:00,-25.187431702494944,73.60171643776236
2026-02-21 00:00:00+00:00,-25.255677436921257,74.13858033205146
2026-02-22 00:00:00+00:00,-25.32086640131915,74.67878122491607
2026-02-23 00:00:00+00:00,-25.38297767397019,75.22215771231022
2026-02-24 00:00:00+00:00,-25.441998016312386,75.76855215814811
2026-02-25 00:00:00+00:00,-25.49792250265422,76.31781102861669
2026-02-26 00:00:00+00:00,-25.55075483005039,76.86978508766724
2026-02-27 00:00:00+00:00,-25.600507299974073,77.4243294396971
2026-02-28 00:00:00+00:00,-25.647200444331585,77.98130340715275
2026-03-01 00:00:00+00:00,-25.690862334018625,78.54057023415929
2026-03-02 00:00:00+00:00,-25.73152751792044,79.10199662288774
2026-03-03 00:00:00+00:00,-25.769235829450295,79.66545213906822
2026-03-04 00:00:00+00:00,-25.804031159523653,80.23080855591513
2026-03-05 00:00:00+00:00,-25.83596019204856,80.79793922622014
2026-03-06 00:00:00+00:00,-25.865071424309654,81.36671854620622
2026-03-07 00:00:00+00:00,-25.891414604641113,81.93702159264717
2026-03-08 00:00:00+00:00,-25.915040403511245,82.50872388722452
2026-03-09 00:00:00+00:00,-25.93600033470023,83.08170129349591
2026-03-10 00:00:00+00:00,-25.954346819800104,83.65582998351032
2026-03-11 00:00:00+00:00,-25.970133285890878,84.23098642681691
2026-03-12 00:00:00+00:00,-25.983414210694395,84.8070473605447
2026-03-13 00:00:00+00:00,-25.994245048454584,85.38388971152837
2026-03-14 00:00:00+00:00,-26.002682045163194,85.9613904549394
2026-03-15 00:00:00+00:00,-26.008781924075073,86.53942640899264
2026-03-16 00:00:00+00:00,-26.012601484752068,87.1178739841937
2026-03-17 00:00:00+00:00,-26.014197203895403,87.69660892960347
2026-03-18 00:00:00+00:00,-26.01362495597473,88.27550614479524
2026-03-19 00:00:00+00:00,-26.01094005539988,88.85443964426219
2026-03-20 00:00:00+00:00,-26.006197686194124,89.43328275424125
2026-03-21 00:00:00+00:00,-25.99945384169816,90.01190857528846
2026-03-22 00:00:00+00:00,-25.990766615040386,90.59019067288611
2026-03-23 00:00:00+00:00,-25.980197616016753,91.1680038541477
2026-03-24 00:00:00+00:00,-25.967813243045157,91.74522489096839
2026-03-25 00:00:00+00:00,-25.95368554899145,92.32173303664896
2026-03-26 00:00:00+00:00,-25.937892586575348,92.89741027891218
2026-03-27 00:00:00+00:00,-25.92051831261143,93.47214133851674
2026-03-28 00:00:00+00:00,-25.901652093117338,94.04581346748404
2026-03-29 00:00:00+00:00,-25.88138802787368,94.61831610872639
2026-03-30 00:00:00+00:00,-25.85982410037572,95.18954046590804
2026-03-31 00:00:00+00:00,-25.837061233430223,95.75937901729672
2026-04-01 00:00:00+00:00,-25.81320233335087,96.32772500071773
2026-04-02 00:00:00+00:00,-25.78835137419607,96.89447189866434
2026-04-03 00:00:00+00:00,-25.762612492901575,97.45951295667035
2026-04-04 00:00:00+00:00,-25.736089274479585,98.02274076696327
2026-04-05 00:00:00+00:00,-25.708884150797115,98.58404693987697
2026-04-06 00:00:00+00:00,-25.681098021263175,99.1433218706211
2026-04-07 00:00:00+00:00,-25.652829978946894,99.7004545840815
2026-04-08 00:00:00+00:00,-25.624177144080615,100.25533265000848
2026-04-09 00:00:00+00:00,-25.595234568278222,100.80784211496764
2026-04-10 00:00:00+00:00,-25.566095100878766,101.3578674345497
2026-04-11 00:00:00+00:00,-25.536849167291273,101.90529136912323
2026-04-12 00:00:00+00:00,-25.50758440855475,102.44999482098481
2026-04-13 00:00:00+00:00,-25.478385216648793,102.99185660163965
2026-04-14 00:00:00+00:00,-25.449332166729995,103.53075313827665
2026-04-15 00:00:00+00:00,-25.420501367042515,104.06655816026131
2026-04-16 00:00:00+00:00,-25.391963984193154,104.59914244763438
2026-04-17 00:00:00+00:00,-25.363786074486132,105.12837375998426
2026-04-18 00:00:00+00:00,-25.336029082868308,105.65411706673613
2026-04-19 00:00:00+00:00,-25.308750939619713,106.17623513894726
2026-04-20 00:00:00+00:00,-25.282007795745624,106.6945894396732
2026-04-21 00:00:00+00:00,-25.255855895334975,107.20904112109177
2026-04-22 00:00:00+00:00,-25.230353171899164,107.71945188476869
2026-04-23 00:00:00+00:00,-25.2055602441517,108.22568452016543
2026-04-24 00:00:00+00:00,-25.181540689607505,108.72760307746205
2026-04-25 00:00:00+00:00,-25.158360728814273,109.225072732587
2026-04-26 00:00:00+00:00,-25.1360885783003,109.71795947058467
2026-04-27 00:00:00+00:00,-25.11479369544595,110.20612969446066
2026-04-28 00:00:00+00:00,-25.094545966650614,110.68944983124712
2026-04-29 00:00:00+00:00,-25.075414999234763,111.16778596833784
2026-04-30 00:00:00+00:00,-25.057469454981028,111.64100352894359
2026-05-01 00:00:00+00:00,-25.040776412369866,112.10896698614606
2026-05-02 00:00:00+00:00,-25.025400802076096,112.57153961525145
2026-05-03 00:00:00+00:00,-25.011404952075,113.02858328771913
2026-05-04 00:00:00+00:00,-24.998848141988432,113.479958312147
2026-05-05 00:00:00+00:00,-24.987786258157758,113.92552332641384
2026-05-06 00:00:00+00:00,-24.978271491155255,114.36513524023982
2026-05-07 00:00:00+00:00,-24.97035219796158,114.79864922075404
2026-05-08 00:00:00+00:00,-24.96407265456718,115.22591870671778
2026-05-09 00:00:00+00:00,-24.959472894289867,115.64679543475819
2026-05-10 00:00:00+00:00,-24.95658841137805,116.06112945067377
2026-05-11 00:00:00+00:00,-24.955449798720096,116.46876909349709
2026-05-12 00:00:00+00:00,-24.956082164761284,116.86956093378814
2026-05-13 00:00:00+00:00,-24.95850444829332,117.26334967197519
2026-05-14 00:00:00+00:00,-24.962728689498352,117.64997802890595
2026-05-15 00:00:00+00:00,-24.968759406323063,118.02928670134995
2026-05-16 00:00:00+00:00,-24.97659344367304,118.40111449208086
2026-05-17 00:00:00+00:00,-24.98622055878958,118.76529872660893
2026-05-18 00:00:00+00:00,-24.997624919994365,119.12167600437868
2026-05-19 00:00:00+00:00,-25.010787306909105,119.47008320597473
2026-05-20 00:00:00+00:00,-25.02568745340241,119.810358555799
2026-05-21 00:00:00+00:00,-25.042305977178124,120.14234250918038
2026-05-22 00:00:00+00:00,-25.060625467160605,120.4658783190405
2026-05-23 00:00:00+00:00,-25.080630658088815,120.780812275509
2026-05-24 00:00:00+00:00,-25.10230807445397,121.08699371508433
2026-05-25 00:00:00+00:00,-25.125645281062916,121.38427491692632
2026-05-26 00:00:00+00:00,-25.150630130731468,121.67251099924948
2026-05-27 00:00:00+00:00,-25.17725007343438,121.9515598482476
2026-05-28 00:00:00+00:00,-25.205491632043636,122.22128211238946
2026-05-29 00:00:00+00:00,-25.235339945035946,122.4815412517779
2026-05-30 00:00:00+00:00,-25.2667783955342,122.73220363174771
2026-05-31 00:00:00+00:00,-25.299788318456375,122.97313864893984
2026-06-01 00:00:00+00:00,-25.33434869100565,123.20421888178139
2026-06-02 00:00:00+00:00,-25.37043595137542,123.42532026148534
2026-06-03 00:00:00+00:00,-25.408023615268245,123.63632226253871
2026-06-04 00:00:00+00:00,-25.447081956462057,123.83710811244006
2026-06-05 00:00:00+00:00,-25.487577863399256,124.02756501929677
2026-06-06 00:00:00+00:00,-25.52947461174974,124.20758441355696
2026-06-07 00:00:00+00:00,-25.5727316030023,124.37706219764151
2026-06-08 00:00:00+00:00,-25.617304042154473,124.53589899559947
2026-06-09 00:00:00+00:00,-25.66314247678549,124.68400039458676
2026-06-10 00:00:00+00:00,-25.710192206652977,124.82127717637769
2026-06-11 00:00:00+00:00,-25.75839251742811,124.94764553333461
2026-06-12 00:00:00+00:00,-25.807675938603175,125.06302729160714
2026-06-13 00:00:00+00:00,-25.857967666453856,125.16735015893902
2026-06-14 00:00:00+00:00,-25.90918554025388,125.26054803233879
2026-06-15 00:00:00+00:00,-25.961240907894048,125.3425613877513
2026-06-16 00:00:00+00:00,-26.014040466770652,125.41333774146803
2026-06-17 00:00:00+00:00,-26.067488763323528,125.472832127323
2026-06-18 00:00:00+00:00,-26.12149076391017,125.52100750465677
2026-06-19 00:00:00+00:00,-26.175953817201723,125.55783502449934
2026-06-20 00:00:00+00:00,-26.230788700810248,125.58329412912155
2026-06-21 00:00:00+00:00,-26.285909728349466,125.59737251043641
2026-06-22 00:00:00+00:00,-26.34123432835027,125.60006597815878
2026-06-23 00:00:00+00:00,-26.39668235302607,125.59137828607368
2026-06-24 00:00:00+00:00,-26.4521754076618,125.57132094777103
2026-06-25 00:00:00+00:00,-26.507636303578597,125.5399130554809
2026-06-26 00:00:00+00:00,-26.56298866633436,125.49718110531842
2026-06-27 00:00:00+00:00,-26.61815670856574,125.44315882360705
2026-06-28 00:00:00+00:00,-26.673065042431325,125.37788699374718
2026-06-29 00:00:00+00:00,-26.72763855791831,125.30141327917737
2026-06-30 00:00:00+00:00,-26.78180228196967,125.21379204293207
2026-07-01 00:00:00+00:00,-26.835481222445328,125.11508416500497
2026-07-02 00:00:00+00:00,-26.888600107012326,125.00535685987133
2026-07-03 00:00:00+00:00,-26.941083213524436,124.88468349698985
2026-07-04 00:00:00+00:00,-26.992854110622275,124.75314342738702
2026-07-05 00:00:00+00:00,-27.043835318170448,124.61082181999195
2026-07-06 00:00:00+00:00,-27.093947960359355,124.4578095125216
2026-07-07 00:00:00+00:00,-27.143111344944085,124.29420288320037
2026-07-08 00:00:00+00:00,-27.191242452749684,124.1201037503727
2026-07-09 00:00:00+00:00,-27.23825533230113,123.93561930501464
2026-07-10 00:00:00+00:00,-27.28406040418278,123.74086207326684
2026-07-11 00:00:00+00:00,-27.328563844931903,123.53594989094714
2026-07-12 00:00:00+00:00,-27.37166727118837,123.32100584163652
2026-07-13 00:00:00+00:00,-27.41326799606878,123.09615811086019
2026-07-14 00:00:00+00:00,-27.453260149993675,122.86153967345268
2026-07-15 00:00:00+00:00,-27.491536611019477,122.61728780224315
2026-07-16 00:00:00+00:00,-27.52799143116229,122.36354342924317
2026-07-17 00:00:00+00:00,-27.56252215305703,122.10045045415342
2026-07-18 00:00:00+00:00,-27.595031508644567,121.82815510564481
2026-07-19 00:00:00+00:00,-27.625428265125212,121.54680542295719
2026-07-20 00:00:00+00:00,-27.653627329439665,121.25655086867748
2026-07-21 00:00:00+00:00,-27.6795493648281,120.95754204238891
2026-07-22 00:00:00+00:00,-27.703120249457548,120.64993045165495
2026-07-23 00:00:00+00:00,-27.72427053625556,120.33386830386772
2026-07-24 00:00:00+00:00,-27.74293504430661,120.00950829704377
2026-07-25 00:00:00+00:00,-27.75905262115459,119.67700340130811
2026-07-26 00:00:00+00:00,-27.77256600547386,119.33650663278176
2026-07-27 00:00:00+00:00,-27.78342179106959,118.98817082633204
2026-07-28 00:00:00+00:00,-27.79157038101816,118.63214842999582
2026-07-29 00:00:00+00:00,-27.79696597266755,118.26859130867324
2026-07-30 00:00:00+00:00,-27.79956641079056,117.89765060600637
2026-07-31 00:00:00+00:00,-27.799333006285345,117.51947664942699
2026-08-01 00:00:00+00:00,-27.79623020418556,117.13421891567639
2026-08-02 00:00:00+00:00,-27.79022519770664,116.74202605684097
2026-08-03 00:00:00+00:00,-27.781287412168975,116.34304598467511
2026-08-04 00:00:00+00:00,-27.769387948440308,115.93742600935113
2026-08-05 00:00:00+00:00,-27.75449900994733,115.52531302920907
2026-08-06 00:00:00+00:00,-27.736593270390678,115.10685376797764
2026-08-07 00:00:00+00:00,-27.71564326514132,114.68219505068257
2026-08-08 00:00:00+00:00,-27.691620809895223,114.25148409434934
2026-08-09 00:00:00+00:00,-27.664496588483022,113.81486876360991
2026-08-10 00:00:00+00:00,-27.634240096278376,113.37249771222635
2026-08-11 00:00:00+00:00,-27.600820085772916,112.92452031864514
2026-08-12 00:00:00+00:00,-27.56420563688338,112.4710863529603
2026-08-13 00:00:00+00:00,-27.524367772370336,112.01234537112119
2026-08-14 00:00:00+00:00,-27.48128126363943,111.54844597475231
2026-08-15 00:00:00+00:00,-27.43492631976056,111.07953505497618
2026-08-16 00:00:00+00:00,-27.385289774828387,110.6057572060293
2026-08-17 00:00:00+00:00,-27.332365645862613,110.12725437261395
2026-08-18 00:00:00+00:00,-27.276155177388944,109.64416572417836
2026-08-19 00:00:00+00:00,-27.216666520056066,109.15662769069196
2026-08-20 00:00:00+00:00,-27.153914279626576,108.66477408001964
2026-08-21 00:00:00+00:00,-27.087919068412393,108.1687362112509
2026-08-22 00:00:00+00:00,-27.01870713153222,107.6686430227999
2026-08-23 00:00:00+00:00,-26.946310132006293,107.16462113694614
2026-08-24 00:00:00+00:00,-26.87076500297095,106.65679487994069
2026-08-25 00:00:00+00:00,-26.792113905666376,106.14528626962321
2026-08-26 00:00:00+00:00,-26.710404198598454,105.63021499246271
2026-08-27 00:00:00+00:00,-26.62568837849282,105.11169839970927
2026-08-28 00:00:00+00:00,-26.538023925956104,104.58985155482975
2026-08-29 00:00:00+00:00,-26.447472994237003,104.0647873766022
2026-08-30 00:00:00+00:00,-26.354101939623913,103.53661687179488
2026-08-31 00:00:00+00:00,-26.257980640904844,103.00544950207471
2026-09-01 00:00:00+00:00,-26.15918169010657,102.47139364077282
2026-09-02 00:00:00+00:00,-26.057779503971563,101.9345570982449
2026-09-03 00:00:00+00:00,-25.95384947996488,101.39504767229374
2026-09-04 00:00:00+00:00,-25.847467226109377,100.852973682725
2026-09-05 00:00:00+00:00,-25.73870787732352,100.3084444535602
2026-09-06 00:00:00+00:00,-25.627645612300984,99.76157070710572
2026-09-07 00:00:00+00:00,-25.514353411640034,99.21246482781413
2026-09-08 00:00:00+00:00,-25.398903122620904,98.66124094650064
2026-09-09 00:00:00+00:00,-25.281365885589683,98.10801480068349
2026-09-10 00:00:00+00:00,-25.16181291681715,97.55290335749027
2026-09-11 00:00:00+00:00,-25.040316568125917,96.99602424076643
2026-09-12 00:00:00+00:00,-24.916951479342142,96.43749506231036
2026-09-13 00:00:00+00:00,-24.791795587410547,95.87743278905336
2026-09-14 00:00:00+00:00,-24.664930858793117,95.31595324618198
2026-09-15 00:00:00+00:00,-24.536443645010184,94.75317084532547
2026-09-16 00:00:00+00:00,-24.406424702156315,94.18919849077672
2026-09-17 00:00:00+00:00,-24.274969007891155,93.62414764497227
2026-09-18 00:00:00+00:00,-24.142175411853955,93.05812847382728
2026-09-19 00:00:00+00:00,-24.008146313392718,92.49125001242511
2026-09-20 00:00:00+00:00,-23.87298737327288,91.92362030565982
2026-09-21 00:00:00+00:00,-23.736807323482623,91.3553464968107
2026-09-22 00:00:00+00:00,-23.599717893229148,90.78653485406917
2026-09-23 00:00:00+00:00,-23.461833816381926,90.21729074113196
2026-09-24 00:00:00+00:00,-23.323272888299673,89.64771855493925
2026-09-25 00:00:00+00:00,-23.184156028374623,89.07792167211694
2026-09-26 00:00:00+00:00,-23.04460718729928,88.50800246276852
2026-09-27 00:00:00+00:00,-22.90475311085727,87.93806243837227
2026-09-28 00:00:00+00:00,-22.764722762886233,87.36820258946665
2026-09-29 00:00:00+00:00,-22.62464648422667,86.798523931682
2026-09-30 00:00:00+00:00,-22.484654878682765,86.22912822863884
2026-10-01 00:00:00+00:00,-22.344877611666725,85.66011879160858
2026-10-02 00:00:00+00:00,-22.205442299163504,85.09160125640399
2026-10-03 00:00:00+00:00,-22.0664735574727,84.52368422522471
2026-10-04 00:00:00+00:00,-21.928092353729138,83.95647971790699
2026-10-05 00:00:00+00:00,-21.790415725282372,83.39010341629205
2026-10-06 00:00:00+00:00,-21.65355673813073,82.82467471484041
2026-10-07 00:00:00+00:00,-21.51762471131149,82.26031660020433
2026-10-08 00:00:00+00:00,-21.38272563584067,81.69715538290608
2026-10-09 00:00:00+00:00,-21.248962774520514,81.13532030804524
2026-10-10 00:00:00+00:00,-21.116437362370014,80.57494308444983
2026-10-11 00:00:00+00:00,-20.98524933466189,80.01615738785716
2026-10-12 00:00:00+00:00,-20.855497999640367,79.45909840239686
2026-10-13 00:00:00+00:00,-20.72728255292713,78.90390245715474
2026-10-14 00:00:00+00:00,-20.600702409590465,78.35070679121324
2026-10-15 00:00:00+00:00,-20.475857314777972,77.7996494508148
2026-10-16 00:00:00+00:00,-20.35284731713035,77.25086929073633
2026-10-17 00:00:00+00:00,-20.231772633881913,76.70450605139087
2026-10-18 00:00:00+00:00,-20.112733509579098,76.16070045379671
2026-10-19 00:00:00+00:00,-19.995830081565366,75.61959428389545
2026-10-20 00:00:00+00:00,-19.881162332328294,75.08133043111981
2026-10-21 00:00:00+00:00,-19.76883017171733,74.54605286231562
2026-10-22 00:00:00+00:00,-19.658933624943007,74.0139065258562
2026-10-23 00:00:00+00:00,-19.55157310467016,73.4850372010727
2026-10-24 00:00:00+00:00,-19.446849725009354,72.95959133607954
2026-10-25 00:00:00+00:00,-19.344865491168154,72.43771594963812
2026-10-26 00:00:00+00:00,-19.24572321101083,71.91955869720609
2026-10-27 00:00:00+00:00,-19.149525965665532,71.40526819559415
2026-10-28 00:00:00+00:00,-19.056376052926637,70.89499464517246
2026-10-29 00:00:00+00:00,-18.966373499216708,70.38889068929512
2026-10-30 00:00:00+00:00,-18.879614425119016,69.88711235169414
2026-10-31 00:00:00+00:00,-18.796189571137074,69.38981985406886
2026-11-01 00:00:00+00:00,-18.71618324603181,68.89717815677021
2026-11-02 00:00:00+00:00,-18.63967284591891,68.40935718142894
2026-11-03 00:00:00+00:00,-18.566728765813757,67.92653174045078
2026-11-04 00:00:00+00:00,-18.497414585284805,67.44888127202317
2026-11-05 00:00:00+00:00,-18.431787563816613,66.9765894619881
2026-11-06 00:00:00+00:00,-18.369899155730693,66.50984381366261
2026-11-07 00:00:00+00:00,-18.31179556604743,66.04883519878868
2026-11-08 00:00:00+00:00,-18.257518313679462,65.59375740637897
2026-11-09 00:00:00+00:00,-18.20710477925807,65.1448067014474
2026-11-10 00:00:00+00:00,-18.160588712978964,64.70218140716939
2026-11-11 00:00:00+00:00,-18.118000681551123,64.2660815253964
2026-11-12 00:00:00+00:00,-18.079368422566652,63.83670840749161
2026-11-13 00:00:00+00:00,-18.04471708795064,63.41426447963664
2026-11-14 00:00:00+00:00,-18.014069412343503,62.99895301648015
2026-11-15 00:00:00+00:00,-17.987445772669627,62.590977947499674
2026-11-16 00:00:00+00:00,-17.96486422674926,62.19054367344216
2026-11-17 00:00:00+00:00,-17.94634059293932,61.79785487199161
2026-11-18 00:00:00+00:00,-17.93188861413352,61.41311625976174
2026-11-19 00:00:00+00:00,-17.921520223562432,61.036532304004865
2026-11-20 00:00:00+00:00,-17.915245969724513,60.66830686458355
2026-11-21 00:00:00+00:00,-17.913075612635684,60.30864277607921
2026-11-22 00:00:00+00:00,-17.915018761996134,59.95774140131072
2026-11-23 00:00:00+00:00,-17.9210854177478,59.61580222179187
2026-11-24 00:00:00+00:00,-17.93128614203183,59.28302255957468
2026-11-25 00:00:00+00:00,-17.945631568158493,58.95959752348271
2026-11-26 00:00:00+00:00,-17.964131120465037,58.64572021539019
2026-11-27 00:00:00+00:00,-17.98679108229719,58.34158212430948
2026-11-28 00:00:00+00:00,-18.013612432606575,58.04737353312265
2026-11-29 00:00:00+00:00,-18.04458905896186,57.7632837377235
2026-11-30 00:00:00+00:00,-18.079706673939985,57.48950095288481
2026-12-01 00:00:00+00:00,-18.1189425167603,57.22621189988531
2026-12-02 00:00:00+00:00,-18.16226562816735,56.97360116310766
2026-12-03 00:00:00+00:00,-18.20963752463041,56.73185042286786
2026-12-04 00:00:00+00:00,-18.261012879955555,56.501137670777574
2026-12-05 00:00:00+00:00,-18.31634026515704,56.28163643976123
2026-12-06 00:00:00+00:00,-18.37556271834223,56.073515084163425
2026-12-07 00:00:00+00:00,-18.43861831356972,55.87693610542604
2026-12-08 00:00:00+00:00,-18.505440665370262,55.692055519688466
2026-12-09 00:00:00+00:00,-18.575959363824595,55.51902226344588
2026-12-10 00:00:00+00:00,-18.65010042608456,55.35797763685096
2026-12-11 00:00:00+00:00,-18.727786750069516,55.20905478723059
2026-12-12 00:00:00+00:00,-18.808938438158023,55.07237823642653
2026-12-13 00:00:00+00:00,-18.89347315198923,54.94806345453991
2026-12-14 00:00:00+00:00,-18.98130640406941,54.83621648041505
2026-12-15 00:00:00+00:00,-19.07235183526893,54.73693358690633
2026-12-16 00:00:00+00:00,-19.16652151589135,54.65030098764466
2026-12-17 00:00:00+00:00,-19.263726323426813,54.576394582197935
2026-12-18 00:00:00+00:00,-19.363876424298066,54.51527973812491
2026-12-19 00:00:00+00:00,-19.46688193975062,54.467011113348185
2026-12-20 00:00:00+00:00,-19.572653833219565,54.43163252181494
2026-12-21 00:00:00+00:00,-19.68110482779561,54.40917685852635
2026-12-22 00:00:00+00:00,-19.792150249598258,54.39966609375741
2026-12-23 00:00:00+00:00,-19.905708362138448,54.40311134803524
2026-12-24 00:00:00+00:00,-20.021699929807745,54.419513043918954
2026-12-25 00:00:00+00:00,-20.140046746071295,54.44886110842835
2026-12-26 00:00:00+00:00,-20.260669371997395,54.49113517968097
2026-12-27 00:00:00+00:00,-20.38348464943768,54.54630476955618
2026-12-28 00:00:00+00:00,-20.508403698911707,54.61432935756723
2026-12-29 00:00:00+00:00,-20.63533092723826,54.695158426431526
2026-12-30 00:00:00+00:00,-20.764163925847196,54.78873147498813
2026-12-31 00:00:00+00:00,-20.89479406126276,54.8949780479523
2027-01-01 00:00:00+00:00,-21.027107393607153,55.01381780998268
2027-01-02 00:00:00+00:00,-21.16098552943968,55.14516067568094
2027-01-03 00:00:00+00:00,-21.296306456654406,55.288906994780916
2027-01-04 00:00:00+00:00,-21.432945283186875,55.44494779190035
2027-01-05 00:00:00+00:00,-21.57077468136691,55.613165043189284
2027-01-06 00:00:00+00:00,-21.70966529510214,55.79343200036195
2027-01-07 00:00:00+00:00,-21.84948621415543,55.98561354792391
2027-01-08 00:00:00+00:00,-21.990105309359883,56.18956659611952
2027-01-09 00:00:00+00:00,-22.13138967531366,56.40514050698821
2027-01-10 00:00:00+00:00,-22.273206079996136,56.63217755089457
2027-01-11 00:00:00+00:00,-22.415421393357725,56.87051339007399
2027-01-12 00:00:00+00:00,-22.557903095569433,57.119977585726446
2027-01-13 00:00:00+00:00,-22.70051970250366,57.380394126685395
2027-01-14 00:00:00+00:00,-22.843141275561063,57.651581980898754
2027-01-15 00:00:00+00:00,-22.985639954934957,57.9333556753156
2027-01-16 00:00:00+00:00,-23.127890637824812,58.225525913704935
2027-01-17 00:00:00+00:00,-23.26977181368492,58.52790024248068
2027-01-18 00:00:00+00:00,-23.411166478351188,58.84028376717947
2027-01-19 00:00:00+00:00,-23.551963168552973,59.16247990330091
2027-01-20 00:00:00+00:00,-23.692056791425717,59.49429109740022
2027-01-21 00:00:00+00:00,-23.831349029702753,59.83551944896848
2027-01-22 00:00:00+00:00,-23.969747771183677,60.18596708417243
2027-01-23 00:00:00+00:00,-24.10716564737095,60.54543622846714
2027-01-24 00:00:00+00:00,-24.243517704801345,60.9137289897291
2027-01-25 00:00:00+00:00,-24.378719006661782,61.29064699016792
2027-01-26 00:00:00+00:00,-24.512682681362502,61.67599103449924
2027-01-27 00:00:00+00:00,-24.64531896927221,62.06956095462351
2027-01-28 00:00:00+00:00,-24.776535199687586,62.47115566875201
2027-01-29 00:00:00+00:00,-24.906236347756128,62.880573406870546
2027-01-30 00:00:00+00:00,-25.03432594803554,63.29761202088737
2027-01-31 00:00:00+00:00,-25.160706947468924,63.72206930778716
2027-02-01 00:00:00+00:00,-25.285282459911873,64.15374330173846
2027-02-02 00:00:00+00:00,-25.407956390684127,64.59243251754185
2027-02-03 00:00:00+00:00,-25.52863381964266,65.03793614620743
2027-02-04 00:00:00+00:00,-25.64722114523467,65.49005421182129
2027-02-05 00:00:00+00:00,-25.76362644883409,65.94858771954068
2027-02-06 00:00:00+00:00,-25.877759737645196,66.41333877883042
2027-02-07 00:00:00+00:00,-25.989533267903234,66.88411076207065
2027-02-08 00:00:00+00:00,-26.09886192171633,67.36070847650407
2027-02-09 00:00:00+00:00,-26.205663663448135,67.842938368301
2027-02-10 00:00:00+00:00,-26.309860059740892,68.33060875670672
2027-02-11 00:00:00+00:00,-26.411376843894928,68.82353009568176
2027-02-12 00:00:00+00:00,-26.51014451511021,69.3215152615694
2027-02-13 00:00:00+00:00,-26.606099030939895,69.82437986980746
2027-02-14 00:00:00+00:00,-26.699182489648013,70.33194262844042
2027-02-15 00:00:00+00:00,-26.7893439179043,70.84402573562322
2027-02-16 00:00:00+00:00,-26.876540110029932,71.3604553154302
2027-02-17 00:00:00+00:00,-26.960736392261357,71.88106185568797
2027-02-18 00:00:00+00:00,-27.04190717666043,72.40568056565478
2027-02-19 00:00:00+00:00,-27.12003602204784,72.93415152863822
2027-02-20 00:00:00+00:00,-27.195114952961234,73.466319523528
2027-02-21 00:00:00+00:00,-27.26714297456977,74.00203343942565
2027-02-22 00:00:00+00:00,-27.33612407017578,74.54114539541375
2027-02-23 00:00:00+00:00,-27.402065028109917,75.0835097143818
2027-02-24 00:00:00+00:00,-27.464973750079107,75.62898203077968
2027-02-25 00:00:00+00:00,-27.524858255284542,76.17741868289833
2027-02-26 00:00:00+00:00,-27.581726426094452,76.7286764278918
2027-02-27 00:00:00+00:00,-27.635586260197424,77.28261240898124
2027-02-28 00:00:00+00:00,-27.686446393398764,77.83908426221483
2027-03-01 00:00:00+00:00,-27.734316647656755,78.39795026162767
2027-03-02 00:00:00+00:00,-27.779208456534505,78.9590694365193
2027-03-03 00:00:00+00:00,-27.821135179790787,79.52230162969168
2027-03-04 00:00:00+00:00,-27.860112241608757,80.0875074916459
2027-03-05 00:00:00+00:00,-27.89615713714874,80.65454842283326
2027-03-06 00:00:00+00:00,-27.929289397069077,81.22328648698065
2027-03-07 00:00:00+00:00,-27.959530546250765,81.79358432542138
2027-03-08 00:00:00+00:00,-27.986904126879615,82.36530510373368
2027-03-09 00:00:00+00:00,-28.011435850045284,82.93831253227535
2027-03-10 00:00:00+00:00,-28.033153867666726,83.5124709572509
2027-03-11 00:00:00+00:00,-28.052089235024546,84.08764556593691
2027-03-12 00:00:00+00:00,-28.068276498151896,84.66370267218764
2027-03-13 00:00:00+00:00,-28.081754377331794,85.24051007153771
2027-03-14 00:00:00+00:00,-28.09256648226616,85.81793743685603
2027-03-15 00:00:00+00:00,-28.100762012318764,86.39585672821583
2027-03-16 00:00:00+00:00,-28.106396410820704,86.97414259325221
2027-03-17 00:00:00+00:00,-28.109531908726186,87.55267273042871
2027-03-18 00:00:00+00:00,-28.11023789246675,88.13132817213635
2027-03-19 00:00:00+00:00,-28.10859099478675,88.70999342122727
2027-03-20 00:00:00+00:00,-28.104674744429577,89.28855635932273
2027-03-21 00:00:00+00:00,-28.098578699281774,89.86690786090443
2027-03-22 00:00:00+00:00,-28.09039709189065,90.44494110739502
2027-03-23 00:00:00+00:00,-28.080227136078243,91.02255068527568
2027-03-24 00:00:00+00:00,-28.0681673189125,91.59963162904182
2027-03-25 00:00:00+00:00,-28.05431595241832,92.17607857243607
2027-03-26 00:00:00+00:00,-28.038770214982502,92.75178515445535
2027-03-27 00:00:00+00:00,-28.021625664413623,93.32664367622215
2027-03-28 00:00:00+00:00,-28.002976147130273,93.90054498978348
2027-03-29 00:00:00+00:00,-27.982913918699587,94.47337852490239
2027-03-30 00:00:00+00:00,-27.961529848849366,95.04503237135783
2027-03-31 00:00:00+00:00,-27.93891355806976,95.61539335250933
2027-04-01 00:00:00+00:00,-27.91515349097242,96.18434705127659
2027-04-02 00:00:00+00:00,-27.890336825421826,96.75177777236192
2027-04-03 00:00:00+00:00,-27.864549299623512,97.31756844304012
2027-04-04 00:00:00+00:00,-27.83787494351212,97.88160047088132
2027-04-05 00:00:00+00:00,-27.810395796276072,98.44375359202618
2027-04-06 00:00:00+00:00,-27.782191711497678,99.00390575739888
2027-04-07 00:00:00+00:00,-27.753340338650887,99.56193311233304
2027-04-08 00:00:00+00:00,-27.72391735143956,100.11771012076605
2027-04-09 00:00:00+00:00,-27.693996988954428,100.67110986286693
2027-04-10 00:00:00+00:00,-27.6636528772269,101.22200449783546
2027-04-11 00:00:00+00:00,-27.632959014211693,101.77026583732959
2027-04-12 00:00:00+00:00,-27.601990816324136,102.31576595117919
2027-04-13 00:00:00+00:00,-27.570826021634463,102.85837771675196
2027-04-14 00:00:00+00:00,-27.539545387945587,103.39797524599857
2027-04-15 00:00:00+00:00,-27.508233078594895,103.93443415148701
2027-04-16 00:00:00+00:00,-27.47697676351729,104.46763163532201
2027-04-17 00:00:00+00:00,-27.445867377157366,104.99744639533813
2027-04-18 00:00:00+00:00,-27.41499856261187,105.52375834759806
2027-04-19 00:00:00+00:00,-27.38446579119175,106.04644817456027
2027-04-20 00:00:00+00:00,-27.354365268370355,106.56539673110822
2027-04-21 00:00:00+00:00,-27.32479267718772,107.08048437095675
2027-04-22 00:00:00+00:00,-27.295841959659324,107.59159027863876
2027-04-23 00:00:00+00:00,-27.267604262476674,108.09859189245942
2027-04-24 00:00:00+00:00,-27.240167159915984,108.6013644782392
2027-04-25 00:00:00+00:00,-27.213614184581814,109.09978087336064
2027-04-26 00:00:00+00:00,-27.188024604446415,109.59371138111153
2027-04-27 00:00:00+00:00,-27.163473385115765,110.08302377421604
2027-04-28 00:00:00+00:00,-27.140031228426025,110.56758335371661
2027-04-29 00:00:00+00:00,-27.11776461326367,111.04725301978458
2027-04-30 00:00:00+00:00,-27.0967357608694,111.52189331920944
2027-05-01 00:00:00+00:00,-27.077002484576433,111.99136244875709
2027-05-02 00:00:00+00:00,-27.058617936111386,112.4555162076681
2027-05-03 00:00:00+00:00,-27.041630256813637,112.91420790884501
2027-05-04 00:00:00+00:00,-27.026082153574126,113.36728827820028
2027-05-05 00:00:00+00:00,-27.01201057679589,113.81460539439311
2027-05-06 00:00:00+00:00,-26.999446654226457,114.25600474047613
2027-05-07 00:00:00+00:00,-26.988415992844462,114.69132944201527
2027-05-08 00:00:00+00:00,-26.97893948049991,115.12042073879661
2027-05-09 00:00:00+00:00,-26.97103456622656,115.54311867617746
2027-05-10 00:00:00+00:00,-26.964716826119815,115.95926292719759
2027-05-11 00:00:00+00:00,-26.96000151060931,116.3686936065639
2027-05-12 00:00:00+00:00,-26.95690476812431,116.77125193361269
2027-05-13 00:00:00+00:00,-26.955444425992326,117.16678067663749
2027-05-14 00:00:00+00:00,-26.95564023655873,117.55512434770841
2027-05-15 00:00:00+00:00,-26.95751368440994,117.93612920605624
2027-05-16 00:00:00+00:00,-26.96108750467711,118.3096431269606
2027-05-17 00:00:00+00:00,-26.96638501081486,118.67551539439361
2027-05-18 00:00:00+00:00,-26.973429293872133,119.03359645954569
2027-05-19 00:00:00+00:00,-26.98224235803831,119.3837376955525
2027-05-20 00:00:00+00:00,-26.992844265276428,119.72579117407314
2027-05-21 00:00:00+00:00,-27.005252321149896,120.05960948876019
2027-05-22 00:00:00+00:00,-27.019480369473694,120.38504564875092
2027-05-23 00:00:00+00:00,-27.035538245998463,120.70195305860881
2027-05-24 00:00:00+00:00,-27.053431397913982,121.01018558995393
2027-05-25 00:00:00+00:00,-27.073160682066845,121.30959773751108
2027-05-26 00:00:00+00:00,-27.094722250155552,121.60004484218936
2027-05-27 00:00:00+00:00,-27.1181075226039,121.88138335758575
2027-05-28 00:00:00+00:00,-27.143303187489092,122.15347114030864
2027-05-29 00:00:00+00:00,-27.17029109447015,122.41616773293353
2027-05-30 00:00:00+00:00,-27.19904806822393,122.66933463800595
2027-05-31 00:00:00+00:00,-27.22954559723768,122.9128355648873
2027-06-01 00:00:00+00:00,-27.261749379174283,123.14653665664548
2027-06-02 00:00:00+00:00,-27.295618817668228,123.3703067140815
2027-06-03 00:00:00+00:00,-27.331106592707766,123.58401745265631
2027-06-04 00:00:00+00:00,-27.368158503509054,123.78754384343449
2027-06-05 00:00:00+00:00,-27.406713925247153,123.98076458968649
2027-06-06 00:00:00+00:00,-27.446706956150205,124.16356276285087
2027-06-07 00:00:00+00:00,-27.488068237523354,124.33582656394114
2027-06-08 00:00:00+00:00,-27.530727121085082,124.49745011307455
2027-06-09 00:00:00+00:00,-27.574613675408074,124.64833414063278
2027-06-10 00:00:00+00:00,-27.619660137029253,124.7883864820162
2027-06-11 00:00:00+00:00,-27.665801579291696,124.91752234671017
2027-06-12 00:00:00+00:00,-27.712975896764608,125.03566439920326
2027-06-13 00:00:00+00:00,-27.761123341703545,125.14274271831997
2027-06-14 00:00:00+00:00,-27.81018585984242,125.23869470944898
2027-06-15 00:00:00+00:00,-27.86010634340516,125.32346500429166
2027-06-16 00:00:00+00:00,-27.910827960139823,125.39700537844337
2027-06-17 00:00:00+00:00,-27.96229352393369,125.45927469020094
2027-06-18 00:00:00+00:00,-28.014444944885014,125.5102388403225
2027-06-19 00:00:00+00:00,-28.067222744730053,125.54987074985762
2027-06-20 00:00:00+00:00,-28.12056563186182,125.57815035333677
2027-06-21 00:00:00+00:00,-28.174410149045485,125.59506460484148
2027-06-22 00:00:00+00:00,-28.228690406634385,125.60060749394765
2027-06-23 00:00:00+00:00,-28.283337912128058,125.59478006747229
2027-06-24 00:00:00+00:00,-28.33828145772346,125.57759045208894
2027-06-25 00:00:00+00:00,-28.39344705625692,125.54905387291417
2027-06-26 00:00:00+00:00,-28.448757878149298,125.50919266444707
2027-06-27 00:00:00+00:00,-28.504134122112887,125.45803627268288
2027-06-28 00:00:00+00:00,-28.559492782414473,125.39562125064974
2027-06-29 00:00:00+00:00,-28.61474730452808,125.32199125051484
2027-06-30 00:00:00+00:00,-28.669807042661898,125.23719702293829
2027-07-01 00:00:00+00:00,-28.724576692255358,125.14129642240108
2027-07-02 00:00:00+00:00,-28.778955806778974,125.03435441900866
2027-07-03 00:00:00+00:00,-28.832838668687845,124.91644309725876
2027-07-04 00:00:00+00:00,-28.886114879041436,124.78764160707932
2027-07-05 00:00:00+00:00,-28.93867082936985,124.64803602297401
2027-07-06 00:00:00+00:00,-28.990391964377256,124.49771907789533
2027-07-07 00:00:00+00:00,-29.041165306489802,124.33678977113208
2027-07-08 00:00:00+00:00,-29.090881689871974,124.16535288787392
2027-07-09 00:00:00+00:00,-29.139437145215304,123.98351848857392
2027-07-10 00:00:00+00:00,-29.18673337358009,123.79140141881066
2027-07-11 00:00:00+00:00,-29.232677503623826,123.58912086578299
2027-07-12 00:00:00+00:00,-29.277181455724055,123.37679996386312
2027-07-13 00:00:00+00:00,-29.32016121451664,123.1545654389983
2027-07-14 00:00:00+00:00,-29.361536155717232,122.92254727870001
2027-07-15 00:00:00+00:00,-29.40122851937641,122.68087842685857
2027-07-16 00:00:00+00:00,-29.43916300966573,122.42969448231105
2027-07-17 00:00:00+00:00,-29.475266483593067,122.1691334260883
2027-07-18 00:00:00+00:00,-29.509467692902465,121.89933536203237
2027-07-19 00:00:00+00:00,-29.541697063343126,121.6204422802248
2027-07-20 00:00:00+00:00,-29.57188648606119,121.33259784291279
2027-07-21 00:00:00+00:00,-29.59996913792073,121.03594719212472
2027-07-22 00:00:00+00:00,-29.62587932052277,120.73063677733877
2027-07-23 00:00:00+00:00,-29.649552310119805,120.41681420237393
2027-07-24 00:00:00+00:00,-29.67092423431869,120.09462809342583
2027-07-25 00:00:00+00:00,-29.689931922961467,119.76422799458346
2027-07-26 00:00:00+00:00,-29.706512706365963,119.4257643023248
2027-07-27 00:00:00+00:00,-29.72060411756356,119.07938825465477
2027-07-28 00:00:00+00:00,-29.7321434612827,118.72525199070142
2027-07-29 00:00:00+00:00,-29.741067246990276,118.36350868800848
2027-07-30 00:00:00+00:00,-29.747310551359337,117.99431276370038
2027-07-31 00:00:00+00:00,-29.750806559415004,117.6178200722037
2027-08-01 00:00:00+00:00,-29.751486451484425,117.23418802455784
2027-08-02 00:00:00+00:00,-29.74928008094866,116.8435754601113
2027-08-03 00:00:00+00:00,-29.744117520438465,116.44614220167266
2027-08-04 00:00:00+00:00,-29.73593130665641,116.04204829426097
2027-08-05 00:00:00+00:00,-29.724658878759527,115.63145307745208
2027-08-06 00:00:00+00:00,-29.71024456043125,115.21451431250799
2027-08-07 00:00:00+00:00,-29.692640682070962,114.7913875434357
2027-08-08 00:00:00+00:00,-29.671807823349205,114.36222575306114
2027-08-09 00:00:00+00:00,-29.64771442623316,113.92717926567033
2027-08-10 00:00:00+00:00,-29.620336109826813,113.48639579852878
2027-08-11 00:00:00+00:00,-29.589654958662944,113.04002057143079
2027-08-12 00:00:00+00:00,-29.555658907177044,112.588196415999
2027-08-13 00:00:00+00:00,-29.51834128316486,112.13106385961245
2027-08-14 00:00:00+00:00,-29.477700482555093,111.6687611820437
2027-08-15 00:00:00+00:00,-29.433739736864524,111.20142445335165
2027-08-16 00:00:00+00:00,-29.38646690484058,110.72918758076162
2027-08-17 00:00:00+00:00,-29.335894304115357,110.25218234813825
2027-08-18 00:00:00+00:00,-29.28203848418485,109.77053850058768
2027-08-19 00:00:00+00:00,-29.22491998162935,109.28438384922919
2027-08-20 00:00:00+00:00,-29.16456303818566,108.79384440984404
2027-08-21 00:00:00+00:00,-29.100995289968207,108.29904457199379
2027-08-22 00:00:00+00:00,-29.03424742584976,107.80010729794697
2027-08-23 00:00:00+00:00,-28.96435281357717,107.29715435503454
2027-08-24 00:00:00+00:00,-28.89134707668268,106.79030659153253
2027-08-25 00:00:00+00:00,-28.815267584506643,106.27968427152882
2027-08-26 00:00:00+00:00,-28.736152849633246,105.76540748300931
2027-08-27 00:00:00+00:00,-28.65404183882407,105.24759661836943
2027-08-28 00:00:00+00:00,-28.568973277701215,104.72637289113622
2027-08-29 00:00:00+00:00,-28.480985111976477,104.20185879780081
2027-08-30 00:00:00+00:00,-28.39011437816857,103.67417837852553
2027-08-31 00:00:00+00:00,-28.296397730513842,103.14345711963438
2027-09-01 00:00:00+00:00,-28.19987272101389,102.60982139741095
2027-09-02 00:00:00+00:00,-28.100579596804707,102.07339756909121
2027-09-03 00:00:00+00:00,-27.998563195262044,101.53431089504272
2027-09-04 00:00:00+00:00,-27.893874421507814,100.99268461391007
2027-09-05 00:00:00+00:00,-27.78657105428098,100.44863935709283
2027-09-06 00:00:00+00:00,-27.67671783218079,99.90229294720203
2027-09-07 00:00:00+00:00,-27.564386060950934,99.35376049463837
2027-09-08 00:00:00+00:00,-27.44965297767047,98.8031546579509
2027-09-09 00:00:00+00:00,-27.33260109614459,98.2505859504561
2027-09-10 00:00:00+00:00,-27.213317638657465,97.6961630192951
2027-09-11 00:00:00+00:00,-27.091894104935406,97.13999286517695
2027-09-12 00:00:00+00:00,-26.96842596264656,96.58218100068467
2027-09-13 00:00:00+00:00,-26.843012414431808,96.02283156245042
2027-09-14 00:00:00+00:00,-26.71575622189316,95.46204740133524
2027-09-15 00:00:00+00:00,-26.586763520420067,94.89993017787286
2027-09-16 00:00:00+00:00,-26.456143585390247,94.33658048761062
2027-09-17 00:00:00+00:00,-26.324008518775884,93.77209804522288
2027-09-18 00:00:00+00:00,-26.190472867937657,93.20658191924734
2027-09-19 00:00:00+00:00,-26.055653136469225,92.64013084694807
2027-09-20 00:00:00+00:00,-25.919667215679848,92.07284360313335
2027-09-21 00:00:00+00:00,-25.78263376695331,91.50481942146175
2027-09-22 00:00:00+00:00,-25.64467155383007,90.93615845849946
2027-09-23 00:00:00+00:00,-25.505898729121277,90.36696229541482
2027-09-24 00:00:00+00:00,-25.366432091706525,89.7973344711032
2027-09-25 00:00:00+00:00,-25.226386346063197,89.22738102732747
2027-09-26 00:00:00+00:00,-25.085873428796766,88.65721101653773
2027-09-27 00:00:00+00:00,-24.9450020428818,88.08693688171863
2027-09-28 00:00:00+00:00,-24.80387757590947,87.51667458618932
2027-09-29 00:00:00+00:00,-24.662602545291623,86.94654338354013
2027-09-30 00:00:00+00:00,-24.521277589956217,86.37666519783473
2027-10-01 00:00:00+00:00,-24.3800028369604,85.80716371359915
2027-10-02 00:00:00+00:00,-24.23887932291122,85.2381633880098
2027-10-03 00:00:00+00:00,-24.098010162584963,84.6697886106991
2027-10-04 00:00:00+00:00,-23.95750122358764,84.10216318630115
2027-10-05 00:00:00+00:00,-23.817461281218392,83.53541014149539
2027-10-06 00:00:00+00:00,-23.678001805939033,82.96965180563309
2027-10-07 00:00:00+00:00,-23.53923654900673,82.40501004374708
2027-10-08 00:00:00+00:00,-23.40128108365193,81.8416065391529
2027-10-09 00:00:00+00:00,-23.264252387957708,81.27956305396164
2027-10-10 00:00:00+00:00,-23.128268550593283,80.71900163046338
2027-10-11 00:00:00+00:00,-22.993448568248727,80.1600447237303
2027-10-12 00:00:00+00:00,-22.859912252172897,79.60281527520104
2027-10-13 00:00:00+00:00,-22.72778018682424,79.04743675094095
2027-10-14 00:00:00+00:00,-22.597173675074853,78.49403317867944
2027-10-15 00:00:00+00:00,-22.468214647448278,77.94272922433305
2027-10-16 00:00:00+00:00,-22.34102543032081,77.3936503490562
2027-10-17 00:00:00+00:00,-22.215728343382118,76.84692307884434
2027-10-18 00:00:00+00:00,-22.092445109447898,76.30267539965233
2027-10-19 00:00:00+00:00,-21.97129608815212,75.76103726384316
2027-10-20 00:00:00+00:00,-21.85239938676388,75.22214117395512
2027-10-21 00:00:00+00:00,-21.735869921202802,74.68612278898736
2027-10-22 00:00:00+00:00,-21.621818504399286,74.15312150525867
2027-10-23 00:00:00+00:00,-21.51035102179278,73.62328096837209
2027-10-24 00:00:00+00:00,-21.401567741256606,73.09674948214804
2027-10-25 00:00:00+00:00,-21.295562836870953,72.57368027988565
2027-10-26 00:00:00+00:00,-21.192424154790455,72.05423161617486
2027-10-27 00:00:00+00:00,-21.092233336877683,71.5385666352406
2027-10-28 00:00:00+00:00,-20.99506633235042,71.02685299033023
2027-10-29 00:00:00+00:00,-20.900994270038108,70.5192622351333
2027-10-30 00:00:00+00:00,-20.810084561935163,70.01596906968541
2027-10-31 00:00:00+00:00,-20.722402065599223,69.51715056901426
2027-11-01 00:00:00+00:00,-20.638010014432055,69.02298552496298
2027-11-02 00:00:00+00:00,-20.556970682677207,68.53365398716102
2027-11-03 00:00:00+00:00,-20.479345680113227,68.04933702203601
2027-11-04 00:00:00+00:00,-20.405195996249656,67.57021665252242
2027-11-05 00:00:00+00:00,-20.33458182757878,67.09647590777631
2027-11-06 00:00:00+00:00,-20.26756231883814,66.6282989163806
2027-11-07 00:00:00+00:00,-20.204195372777484,66.16587098473937
2027-11-08 00:00:00+00:00,-20.14453748705514,65.7093786259625
2027-11-09 00:00:00+00:00,-20.088643755104176,65.25900952216953
2027-11-10 00:00:00+00:00,-20.03656794593372,64.81495241990682
2027-11-11 00:00:00+00:00,-19.98836268990856,64.37739697398963
2027-11-12 00:00:00+00:00,-19.94407967721069,63.946533571064116
2027-11-13 00:00:00+00:00,-19.903769798721097,63.522553179439555
2027-11-14 00:00:00+00:00,-19.867483075109785,63.10564728113595
2027-11-15 00:00:00+00:00,-19.835268314307406,62.696007937041706
2027-11-16 00:00:00+00:00,-19.807172386364204,62.293828009308584
2027-11-17 00:00:00+00:00,-19.78323914766089,61.899301518482375
2027-11-18 00:00:00+00:00,-19.763508147209514,61.512624062338894
2027-11-19 00:00:00+00:00,-19.74801329861458,61.13399319413067
2027-11-20 00:00:00+00:00,-19.736781774309435,60.76360865543561
2027-11-21 00:00:00+00:00,-19.729833151831446,60.40167242037909
2027-11-22 00:00:00+00:00,-19.72717899384295,60.04838851355194
2027-11-23 00:00:00+00:00,-19.72882272610013,59.70396263969151
2027-11-24 00:00:00+00:00,-19.73475984086629,59.36860165238358
2027-11-25 00:00:00+00:00,-19.744978348238647,59.04251289688258
2027-11-26 00:00:00+00:00,-19.759459483759443,58.725903457760026
2027-11-27 00:00:00+00:00,-19.778178559737754,58.41897934419829
2027-11-28 00:00:00+00:00,-19.801105935179187,58.12194465303739
2027-11-29 00:00:00+00:00,-19.828207944636112,57.83500075547867
2027-11-30 00:00:00+00:00,-19.85944777043749,57.558345550189486
2027-12-01 00:00:00+00:00,-19.894786092916828,57.292172811114284
2027-12-02 00:00:00+00:00,-19.934181541126865,57.036671637025975
2027-12-03 00:00:00+00:00,-19.977590913044178,56.79202598970931
2027-12-04 00:00:00+00:00,-20.024969228115292,56.558414294941535
2027-12-05 00:00:00+00:00,-20.076269759384328,56.33600907632219
2027-12-06 00:00:00+00:00,-20.13144402044998,56.12497660060641
2027-12-07 00:00:00+00:00,-20.19044187582133,55.9254765066544
2027-12-08 00:00:00+00:00,-20.25321171326104,55.73766142336168
2027-12-09 00:00:00+00:00,-20.31970077336409,55.56167656708249
2027-12-10 00:00:00+00:00,-20.38985561295417,55.39765933359343
2027-12-11 00:00:00+00:00,-20.463622625881328,55.24573890531308
2027-12-12 00:00:00+00:00,-20.540948517759308,55.10603590530939
2027-12-13 00:00:00+00:00,-20.621780514585918,54.978662134919574
2027-12-14 00:00:00+00:00,-20.706066121198205,54.86372042493345
2027-12-15 00:00:00+00:00,-20.793752239549498,54.761304605083346
2027-12-16 00:00:00+00:00,-20.884783711411387,54.67149955640965
2027-12-17 00:00:00+00:00,-20.97910151856732,54.59438127392638
2027-12-18 00:00:00+00:00,-21.076641038866683,54.530016857109786
2027-12-19 00:00:00+00:00,-21.177330740864537,54.47846437330604
2027-12-20 00:00:00+00:00,-21.281091534351216,54.43977258903537
2027-12-21 00:00:00+00:00,-21.387836700426597,54.41398060805569
2027-12-22 00:00:00+00:00,-21.49747233504005,54.40111747334758
2027-12-23 00:00:00+00:00,-21.60989799975335,54.401201787639025
2027-12-24 00:00:00+00:00,-21.725007537853386,54.41424138622015
2027-12-25 00:00:00+00:00,-21.84268989724796,54.44023308396677
2027-12-26 00:00:00+00:00,-21.96282997736285,54.4791625045063
2027-12-27 00:00:00+00:00,-22.085309441157236,54.53100399478137
2027-12-28 00:00:00+00:00,-22.210007513581857,54.59572062514366
2027-12-29 00:00:00+00:00,-22.336801696767022,54.67326427261495
2027-12-30 00:00:00+00:00,-22.465568399518908,54.76357578199834
2027-12-31 00:00:00+00:00,-22.596183432061842,54.86658519654193
2028-01-01 00:00:00+00:00,-22.728522389436613,54.98221204790543
2028-01-02 00:00:00+00:00,-22.862460929404346,55.11036569511785
2028-01-03 00:00:00+00:00,-22.997874986703973,55.25094570423468
2028-01-04 00:00:00+00:00,-23.13464097331899,55.4038422640748
2028-01-05 00:00:00+00:00,-23.272636036425194,55.56893663796072
2028-01-06 00:00:00+00:00,-23.411738426923318,55.74610165675509
2028-01-07 00:00:00+00:00,-23.551827993413795,55.93520225532535
2028-01-08 00:00:00+00:00,-23.692786910546026,56.136096073005675
2028-01-09 00:00:00+00:00,-23.834500449780723,56.348634101183656
2028-01-10 00:00:00+00:00,-23.97685775380272,56.572661375403385
2028-01-11 00:00:00+00:00,-24.119752303935012,56.8080176650218
2028-01-12 00:00:00+00:00,-24.263081798036055,57.05453809131013
2028-01-13 00:00:00+00:00,-24.40674715668071,57.312053593159824
2028-01-14 00:00:00+00:00,-24.550650693386874,57.580391187026116
2028-01-15 00:00:00+00:00,-24.694693862754107,57.85937403416585
2028-01-16 00:00:00+00:00,-24.83877513520825,58.14882139987013
2028-01-17 00:00:00+00:00,-24.98278859351064,58.448548619911605
2028-01-18 00:00:00+00:00,-25.12662346261605,58.758367162372366
2028-01-19 00:00:00+00:00,-25.270164411093504,59.078084814948774
2028-01-20 00:00:00+00:00,-25.413292332137907,59.40750597837631
2028-01-21 00:00:00+00:00,-25.555885349071247,59.74643202560911
2028-01-22 00:00:00+00:00,-25.69781972732892,60.09466168779226
2028-01-23 00:00:00+00:00,-25.838970760919942,60.451991454961785
2028-01-24 00:00:00+00:00,-25.979213464299793,60.8182159543727
2028-01-25 00:00:00+00:00,-26.11842322413117,61.19312834246442
2028-01-26 00:00:00+00:00,-26.256476401274153,61.57652068530855
2028-01-27 00:00:00+00:00,-26.393250863987923,61.96818433947243
2028-01-28 00:00:00+00:00,-26.52862650384237,62.36791032918222
2028-01-29 00:00:00+00:00,-26.66248572436624,62.77548971444626
2028-01-30 00:00:00+00:00,-26.794713847962846,63.19071394387925
2028-01-31 00:00:00+00:00,-26.92519947912494,63.61337518810523
2028-02-01 00:00:00+00:00,-27.053834837987093,64.04326665468282
2028-02-02 00:00:00+00:00,-27.180516093885107,64.48018289259045
2028-02-03 00:00:00+00:00,-27.305143708336967,64.9239201020401
2028-02-04 00:00:00+00:00,-27.427622876202648,65.37427647198406
2028-02-05 00:00:00+00:00,-27.54786411820958,65.83105257032956
2028-02-06 00:00:00+00:00,-27.665784076217776,66.29405180581227
2028-02-07 00:00:00+00:00,-27.781306376190894,66.7630809611264
2028-02-08 00:00:00+00:00,-27.894362499962195,67.23795073547338
2028-02-09 00:00:00+00:00,-28.004892382098856,67.71847622391982
2028-02-10 00:00:00+00:00,-28.112844294091293,68.20447711929715
2028-02-11 00:00:00+00:00,-28.21817379273023,68.69577751381965
2028-02-12 00:00:00+00:00,-28.320841693672804,69.19220523405738
2028-02-13 00:00:00+00:00,-28.420811570412216,69.69359084454531
2028-02-14 00:00:00+00:00,-28.518047428215677,70.19976660035923
2028-02-15 00:00:00+00:00,-28.61251223021637,70.71056563089587
2028-02-16 00:00:00+00:00,-28.704167408570324,71.2258214993172
2028-02-17 00:00:00+00:00,-28.792973207967684,71.74536811384385
2028-02-18 00:00:00+00:00,-28.878889488899134,72.2690398676996
2028-02-19 00:00:00+00:00,-28.961876648753254,72.79667187335349
2028-02-20 00:00:00+00:00,-29.0418964408665,73.32810019652908
2028-02-21 00:00:00+00:00,-29.11891262987264,73.86316204454074
2028-02-22 00:00:00+00:00,-29.192891468470386,74.40169590029888
2028-02-23 00:00:00+00:00,-29.263802069063157,74.94354161156801
2028-02-24 00:00:00+00:00,-29.331616720894562,75.48854046770063
2028-02-25 00:00:00+00:00,-29.396311102406834,76.03653524999777
2028-02-26 00:00:00+00:00,-29.457864576738658,76.58737031195511
2028-02-27 00:00:00+00:00,-29.516260456086062,77.14089166321249
2028-02-28 00:00:00+00:00,-29.57148628010582,77.69694707004777
2028-02-29 00:00:00+00:00,-29.623534108063563,78.25538616709001
2028-03-01 00:00:00+00:00,-29.672400787625143,78.8160605784258
2028-03-02 00:00:00+00:00,-29.718088281899234,79.37882405214435
2028-03-03 00:00:00+00:00,-29.76060396065336,79.94353262130959
2028-03-04 00:00:00+00:00,-29.79996098095726,80.5100448132702
2028-03-05 00:00:00+00:00,-29.836178813094204,81.07822193319035
2028-03-06 00:00:00+00:00,-29.869283892462565,81.64792843944333
2028-03-07 00:00:00+00:00,-29.899310363376177,82.21903239908426
2028-03-08 00:00:00+00:00,-29.926300777168304,82.79140595497029
2028-03-09 00:00:00+00:00,-29.95030648057541,83.3649256608969
2028-03-10 00:00:00+00:00,-29.971387352425516,83.93947248735496
2028-03-11 00:00:00+00:00,-29.98961060320619,84.51493131030985
2028-03-12 00:00:00+00:00,-30.00504875569379,85.0911898915456
2028-03-13 00:00:00+00:00,-30.0177771196742,85.66813749956115
2028-03-14 00:00:00+00:00,-30.02787149550067,86.2456635533289
2028-03-15 00:00:00+00:00,-30.035406591166254,86.82365659730549
2028-03-16 00:00:00+00:00,-30.040455348251204,87.40200375478932
2028-03-17 00:00:00+00:00,-30.043089013894893,87.98059060878528
2028-03-18 00:00:00+00:00,-30.043377621871475,88.5593013522913
2028-03-19 00:00:00+00:00,-30.0413905954741,89.13801904415682
2028-03-20 00:00:00+00:00,-30.037197270130463,89.71662585636894
2028-03-21 00:00:00+00:00,-30.03086726206947,90.29500325681664
2028-03-22 00:00:00+00:00,-30.02247067756594,90.87303211523552
2028-03-23 00:00:00+00:00,-30.01207819193224,91.45059274563373
2028-03-24 00:00:00+00:00,-29.99976105597383,92.02756491047728
2028-03-25 00:00:00+00:00,-29.985591085975166,92.60382781521915
2028-03-26 00:00:00+00:00,-29.969640672897736,93.17926011864016
2028-03-27 00:00:00+00:00,-29.95198286073908,93.75373998434033
2028-03-28 00:00:00+00:00,-29.932691486205286,94.32714517202972
2028-03-29 00:00:00+00:00,-29.911841411301086,94.89935318842244
2028-03-30 00:00:00+00:00,-29.889508820343,95.47024148080907
2028-03-31 00:00:00+00:00,-29.86577157836735,96.03968767261203
2028-04-01 00:00:00+00:00,-29.840709639656012,96.60756983757601
2028-04-02 00:00:00+00:00,-29.814405522533193,97.17376681617284
2028-04-03 00:00:00+00:00,-29.78694488297524,97.73815858074401
2028-04-04 00:00:00+00:00,-29.75841713042776,98.30062664761599
2028-04-05 00:00:00+00:00,-29.728916051582615,98.86105450726599
2028-04-06 00:00:00+00:00,-29.69854032689796,99.41932799635607
2028-04-07 00:00:00+00:00,-29.667393696870963,99.97533548225779
2028-04-08 00:00:00+00:00,-29.635584539987356,100.52896770669008
2028-04-09 00:00:00+00:00,-29.603224697953834,101.08011718353939
2028-04-10 00:00:00+00:00,-29.570427635802577,101.62867717926251
2028-04-11 00:00:00+00:00,-29.537306297305303,102.17454046847106
2028-04-12 00:00:00+00:00,-29.50397111857769,102.71759814440198
2028-04-13 00:00:00+00:00,-29.470528619821867,103.25773874037412
2028-04-14 00:00:00+00:00,-29.43708067909199,103.79484774905016
2028-04-15 00:00:00+00:00,-29.4037244174508,104.3288075081937
2028-04-16 00:00:00+00:00,-29.3705524486924,104.8594973224764
2028-04-17 00:00:00+00:00,-29.337653270418713,105.38679368827754
2028-04-18 00:00:00+00:00,-29.30511162789044,105.91057052224662
2028-04-19 00:00:00+00:00,-29.27300874841044,106.43069933893605
2028-04-20 00:00:00+00:00,-29.241422475073968,106.94704935933007
2028-04-21 00:00:00+00:00,-29.21042725731191,107.45948755657335
2028-04-22 00:00:00+00:00,-29.18009406848035,107.96787866015829
2028-04-23 00:00:00+00:00,-29.150490313374707,108.47208514860505
2028-04-24 00:00:00+00:00,-29.12167977532839,108.97196726490438
2028-04-25 00:00:00+00:00,-29.093722649061984,109.46738308835076
2028-04-26 00:00:00+00:00,-29.06667575691164,109.95818868966273
2028-04-27 00:00:00+00:00,-29.040592913633695,110.44423838389582
2028-04-28 00:00:00+00:00,-29.01552547703304,110.92538507391197
2028-04-29 00:00:00+00:00,-28.991523044448858,111.401480674793
2028-04-30 00:00:00+00:00,-28.968634225409698,111.87237657594106
2028-05-01 00:00:00+00:00,-28.94690745824642,112.33792411861207
2028-05-02 00:00:00+00:00,-28.92639179107617,112.79797505539577
2028-05-03 00:00:00+00:00,-28.907137623947897,113.25238196378017
2028-05-04 00:00:00+00:00,-28.889197277682108,113.70099857819336
2028-05-05 00:00:00+00:00,-28.872625315892037,114.14367999006963
2028-05-06 00:00:00+00:00,-28.857478478594235,114.58028265334796
2028-05-07 00:00:00+00:00,-28.843815116526144,115.01066414162374
2028-05-08 00:00:00+00:00,-28.831694099210527,115.43468264729978
2028-05-09 00:00:00+00:00,-28.821173304804002,115.8521962863479
2028-05-10 00:00:00+00:00,-28.812307951781346,116.26306234198117
2028-05-11 00:00:00+00:00,-28.805149094100724,116.667136605686
2028-05-12 00:00:00+00:00,-28.799742519105926,117.0642729378121
2028-05-13 00:00:00+00:00,-28.796128128935052,117.45432309331844
2028-05-14 00:00:00+00:00,-28.794339788867504,117.83713678732316
2028-05-15 00:00:00+00:00,-28.794405434859282,118.21256192049698
2028-05-16 00:00:00+00:00,-28.796347347544703,118.58044489543042
2028-05-17 00:00:00+00:00,-28.8001824175823,118.94063095215434
2028-05-18 00:00:00+00:00,-28.805922342921118,119.29296448600888
2028-05-19 00:00:00+00:00,-28.813573713152184,119.63728932940695
2028-05-20 00:00:00+00:00,-28.82313797008653,119.97344899688328
2028-05-21 00:00:00+00:00,-28.83461129137545,120.30128690598056
2028-05-22 00:00:00+00:00,-28.847984440840126,120.62064659706132
2028-05-23 00:00:00+00:00,-28.86324265119125,120.93137198334858
2028-05-24 00:00:00+00:00,-28.880365672639535,121.23330766649744
2028-05-25 00:00:00+00:00,-28.89932806471716,121.52629934905498
2028-05-26 00:00:00+00:00,-28.92009979745843,121.81019435991625
2028-05-27 00:00:00+00:00,-28.942647171724296,122.0848422829253
2028-05-28 00:00:00+00:00,-28.96693400168014,122.3500956491915
2028-05-29 00:00:00+00:00,-28.992922889441665,122.6058106331894
2028-05-30 00:00:00+00:00,-29.020576408446924,122.85184768233782
2028-05-31 00:00:00+00:00,-29.04985813405305,123.08807204449089
